date,underlying,close,ma10,ma20,ma50,ma90,rsi14,atr14,bb_upper,bb_lower,bb_width,ret_5d,ret_20d,ret_60d,volatility_20d,volume_ratio,regime,BollingerMeanReversion,MaTrend_001,RsiMeanReversion_6535,choppy,rangeBollingerMeanReversion,rangeRsiMeanReversion_6535,trendDownRangeBreakout,trendUpRangeBreakout,unknown,raw_signal,direction,strength_score,confidence,option_bias,is_option_eligible,stock_technical_score,volume_confirmation_score,risk_quality_score,regime_quality_score,next_day_close_chg_pct
2025-01-01,NIFTY,23742.9,23781.535,24193.055,24152.85,,38.8686,276.471,25066.5495,23319.5605,0.07221,0.000643,-0.029204,-0.050838,0.006684,0.744175,RANGE,,,,,NO_POSITION,CALL,,,,CALL,BULLISH,30.0,LOW,NEUTRAL,False,10.0,0.0,10.0,10.0,1.88
2025-01-02,NIFTY,24188.65,23780.515,24179.115,24141.001,,51.0269,291.2802,25043.4996,23314.7304,0.071498,0.018461,-0.011395,-0.024484,0.008071,1.405445,RANGE,,,,,NO_POSITION,NO_POSITION,,,,NO_POSITION,NEUTRAL,0.0,LOW,NEUTRAL,False,0.0,0.0,0.0,0.0,-0.76
2025-01-03,NIFTY,24004.75,23785.82,24143.9325,24131.654,,46.884,286.2209,24975.9551,23311.9099,0.068922,0.008035,-0.028478,-0.040315,0.007829,1.142208,RANGE,,,,,NO_POSITION,NO_POSITION,,,,NO_POSITION,NEUTRAL,0.0,LOW,NEUTRAL,False,0.0,0.0,0.0,0.0,-1.62
2025-01-06,NIFTY,23616.05,23788.675,24090.845,24115.265,,39.5709,304.2087,24915.2948,23266.3952,0.068445,-0.00122,-0.043024,-0.054675,0.008497,1.591277,RANGE,,,,,NO_POSITION,CALL,,,,CALL,BULLISH,40.0,LOW,NEUTRAL,False,10.0,10.0,10.0,10.0,0.39
2025-01-07,NIFTY,23707.9,23784.12,24045.29,24101.435,,41.878,295.2759,24848.3817,23242.1983,0.066798,0.002669,-0.037008,-0.051625,0.008603,0.705533,RANGE,,,,,NO_POSITION,NO_POSITION,,,,NO_POSITION,NEUTRAL,0.0,LOW,NEUTRAL,False,0.0,0.0,0.0,0.0,-0.08
2025-01-08,NIFTY,23688.95,23780.25,23999.235,24091.598,,41.5257,292.4491,24772.5893,23225.8807,0.064448,-0.002272,-0.037428,-0.051085,0.0086,0.971673,RANGE,,,,,NO_POSITION,NO_POSITION,,,,NO_POSITION,NEUTRAL,0.0,LOW,NEUTRAL,False,0.0,0.0,0.0,0.0,-0.69
2025-01-09,NIFTY,23526.5,23757.88,23943.47,24075.345,,38.5334,284.8777,24683.5752,23203.3648,0.061821,-0.027374,-0.04526,-0.063732,0.008635,0.743276,RANGE,,,,,NO_POSITION,CALL,,,,CALL,BULLISH,30.0,LOW,NEUTRAL,False,10.0,0.0,10.0,10.0,-0.4
2025-01-10,NIFTY,23431.5,23719.69,23887.61,24054.638,,36.8607,282.5472,24604.8522,23170.3678,0.060051,-0.023881,-0.04551,-0.064885,0.008638,1.037914,RANGE,,,,,NO_POSITION,CALL,,,,CALL,BULLISH,34.0,LOW,NEUTRAL,False,10.0,4.0,10.0,10.0,-1.47
2025-01-13,NIFTY,23085.95,23663.795,23803.4925,24029.54,,31.5036,289.8116,24481.3878,23125.5972,0.056958,-0.022447,-0.067924,-0.075501,0.00864,1.150834,RANGE,,,,,CALL,CALL,,,,CALL,BULLISH,42.0,LOW,NEUTRAL,False,15.0,7.0,10.0,10.0,0.39
2025-01-14,NIFTY,23176.05,23616.92,23728.8825,24008.954,,34.1893,281.8965,24334.2346,23123.5304,0.051022,-0.022433,-0.060491,-0.063588,0.008794,0.802007,RANGE,,,,,NO_POSITION,CALL,,,,CALL,BULLISH,34.0,LOW,NEUTRAL,False,10.0,4.0,10.0,10.0,0.16
2025-01-15,NIFTY,23213.2,23563.95,23672.7425,23987.131,,35.3155,272.2754,24250.0741,23095.4109,0.048776,-0.020083,-0.046137,-0.066019,0.008498,0.614311,RANGE,,,,,NO_POSITION,CALL,,,,CALL,BULLISH,30.0,LOW,NEUTRAL,False,10.0,0.0,10.0,10.0,0.42
2025-01-16,NIFTY,23311.8,23476.265,23628.39,23973.46,,38.3318,265.5735,24172.5786,23084.2014,0.046062,-0.009126,-0.036657,-0.059291,0.008582,0.739507,RANGE,,,,,NO_POSITION,CALL,,,,CALL,BULLISH,30.0,LOW,NEUTRAL,False,10.0,0.0,10.0,10.0,-0.47
2025-01-17,NIFTY,23203.2,23396.11,23590.965,23953.258,,36.3228,261.7076,24143.948,23037.982,0.046881,-0.009743,-0.03125,-0.051851,0.008384,0.938218,RANGE,,,,,NO_POSITION,CALL,,,,CALL,BULLISH,34.0,LOW,NEUTRAL,False,10.0,4.0,10.0,10.0,0.61
2025-01-20,NIFTY,23344.75,23368.98,23578.8275,23930.472,,40.6865,258.7606,24142.1417,23015.5133,0.047781,0.01121,-0.010291,-0.044638,0.007897,0.726062,RANGE,,,,,NO_POSITION,NO_POSITION,,,,NO_POSITION,NEUTRAL,0.0,LOW,NEUTRAL,False,0.0,0.0,0.0,0.0,-1.37
2025-01-21,NIFTY,23024.65,23300.655,23542.3875,23906.978,,34.8674,272.3813,24148.4694,22936.3056,0.051489,-0.006533,-0.030682,-0.056344,0.008213,1.664741,RANGE,,,,,NO_POSITION,CALL,,,,CALL,BULLISH,40.0,LOW,NEUTRAL,False,10.0,10.0,10.0,10.0,0.57
2025-01-22,NIFTY,23155.35,23247.295,23513.7725,23887.121,,38.7212,266.3719,24135.9905,22891.5545,0.052924,-0.002492,-0.02412,-0.042408,0.00837,0.914641,RANGE,,,,,NO_POSITION,CALL,,,,CALL,BULLISH,34.0,LOW,NEUTRAL,False,10.0,4.0,10.0,10.0,0.22
2025-01-23,NIFTY,23205.35,23215.18,23486.53,23868.402,,40.1794,260.2132,24112.6545,22860.4055,0.053318,-0.004566,-0.022941,-0.046583,0.008391,0.704623,RANGE,,,,,NO_POSITION,NO_POSITION,,,,NO_POSITION,NEUTRAL,0.0,LOW,NEUTRAL,False,0.0,0.0,0.0,0.0,-0.49
2025-01-24,NIFTY,23092.2,23181.25,23450.47,23852.577,,37.977,262.8622,24080.2009,22820.7391,0.053707,-0.004784,-0.030285,-0.056184,0.008381,1.183781,RANGE,,,,,NO_POSITION,CALL,,,,CALL,BULLISH,37.0,LOW,NEUTRAL,False,10.0,7.0,10.0,10.0,-1.14
2025-01-27,NIFTY,22829.15,23155.57,23409.6825,23837.979,,33.3942,265.8935,24087.5864,22731.7786,0.057917,-0.022086,-0.0345,-0.062105,0.008585,1.037041,RANGE,,,,,NO_POSITION,CALL,,,,CALL,BULLISH,34.0,LOW,NEUTRAL,False,10.0,4.0,10.0,10.0,0.56
2025-01-28,NIFTY,22957.25,23133.69,23375.305,23826.47,,37.3585,268.9583,24071.5157,22679.0943,0.059568,-0.002927,-0.029078,-0.051563,0.008735,1.354335,RANGE,,,,,NO_POSITION,CALL,,,,CALL,BULLISH,37.0,LOW,NEUTRAL,False,10.0,7.0,10.0,10.0,0.9
2025-01-29,NIFTY,23163.1,23128.68,23346.315,23820.656,,43.2082,265.897,24026.9975,22665.6325,0.058312,0.000335,-0.02442,-0.046957,0.00896,1.215206,RANGE,,,,,NO_POSITION,NO_POSITION,,,,NO_POSITION,NEUTRAL,0.0,LOW,NEUTRAL,False,0.0,0.0,0.0,0.0,0.37
2025-01-30,NIFTY,23249.5,23122.45,23299.3575,23815.276,,45.5082,259.965,23860.1405,22738.5745,0.048137,0.001903,-0.038826,-0.031083,0.007745,1.113311,RANGE,,,,,NO_POSITION,NO_POSITION,,,,NO_POSITION,NEUTRAL,0.0,LOW,NEUTRAL,False,0.0,0.0,0.0,0.0,1.11
2025-01-31,NIFTY,23508.4,23152.97,23274.54,23818.446,,51.8069,262.6318,23744.8995,22804.1805,0.040418,0.018023,-0.020677,-0.029112,0.008148,0.381292,RANGE,,,,,NO_POSITION,NO_POSITION,,,,NO_POSITION,NEUTRAL,0.0,LOW,NEUTRAL,False,0.0,0.0,0.0,0.0,-0.11
2025-02-01,NIFTY,23482.15,23166.71,23267.845,23809.944,,51.1612,266.3117,23722.1063,22813.5837,0.039046,0.028604,-0.00567,-0.040921,0.007325,0.0,RANGE,,,,,NO_POSITION,NO_POSITION,,,,NO_POSITION,NEUTRAL,0.0,LOW,NEUTRAL,False,0.0,0.0,0.0,0.0,-0.52
2025-02-03,NIFTY,23361.05,23200.35,23250.5025,23792.727,,48.1779,265.8716,23660.5732,22840.4318,0.035274,0.017589,-0.01463,-0.034641,0.007335,0.398658,RANGE,,,,,NO_POSITION,NO_POSITION,,,,NO_POSITION,NEUTRAL,0.0,LOW,NEUTRAL,False,0.0,0.0,0.0,0.0,1.62
2025-02-04,NIFTY,23739.25,23258.74,23253.0175,23783.622,,56.6748,275.5736,23674.2778,22831.7572,0.036233,0.024874,0.002123,-0.016935,0.008251,0.669137,RANGE,,,,,PUT,NO_POSITION,,,,NO_POSITION,NEUTRAL,0.0,LOW,NEUTRAL,False,0.0,0.0,0.0,0.0,-0.18
2025-02-05,NIFTY,23696.3,23307.835,23261.5075,23772.05,,55.5607,264.9505,23710.4098,22812.6052,0.038596,0.019218,0.007217,-0.018433,0.008101,0.257957,RANGE,,,,,NO_POSITION,NO_POSITION,,,,NO_POSITION,NEUTRAL,0.0,LOW,NEUTRAL,False,0.0,0.0,0.0,0.0,-0.39
2025-02-06,NIFTY,23603.35,23358.95,23270.1,23765.834,24053.1606,53.1266,261.5469,23737.871,22802.329,0.040204,0.004039,0.007334,-0.011728,0.008098,0.294415,RANGE,,,,,NO_POSITION,NO_POSITION,,,,NO_POSITION,NEUTRAL,0.0,LOW,NEUTRAL,False,0.0,0.0,0.0,0.0,-0.18
2025-02-07,NIFTY,23559.95,23432.03,23293.8,23754.411,24028.3056,51.9815,260.815,23769.8077,22817.7923,0.04087,0.003313,0.020532,3.8e-05,0.007303,0.5309,RANGE,,,,,NO_POSITION,NO_POSITION,,,,NO_POSITION,NEUTRAL,0.0,LOW,NEUTRAL,False,0.0,0.0,0.0,0.0,-0.76
2025-02-10,NIFTY,23381.6,23474.465,23304.0775,23736.522,24007.5444,47.4549,260.2067,23778.3449,22829.8101,0.040703,0.00088,0.008869,-0.006421,0.007514,0.395019,RANGE,,,,,NO_POSITION,NO_POSITION,,,,NO_POSITION,NEUTRAL,0.0,LOW,NEUTRAL,False,0.0,0.0,0.0,0.0,-1.32
2025-02-11,NIFTY,23071.8,23465.335,23297.0075,23708.815,23985.9578,40.8074,270.4348,23780.607,22813.408,0.041516,-0.028116,-0.006091,-0.016287,0.008106,0.517772,RANGE,,,,,NO_POSITION,NO_POSITION,,,,NO_POSITION,NEUTRAL,0.0,LOW,NEUTRAL,False,0.0,0.0,0.0,0.0,-0.12
2025-02-12,NIFTY,23045.25,23444.91,23283.68,23680.371,23966.5078,40.2865,275.8573,23779.4527,22787.9073,0.042585,-0.027475,-0.011434,-0.020122,0.008037,0.78821,RANGE,,,,,NO_POSITION,NO_POSITION,,,,NO_POSITION,NEUTRAL,0.0,LOW,NEUTRAL,False,0.0,0.0,0.0,0.0,-0.06
2025-02-13,NIFTY,23031.4,23397.21,23275.09,23646.831,23944.4883,39.9997,273.5318,23781.9717,22768.2083,0.043556,-0.024232,-0.007404,-0.01364,0.007979,0.513763,RANGE,,,,,NO_POSITION,NO_POSITION,,,,NO_POSITION,NEUTRAL,0.0,LOW,NEUTRAL,False,0.0,0.0,0.0,0.0,-0.44
2025-02-14,NIFTY,22929.25,23341.92,23254.315,23611.86,23921.6806,37.8589,279.626,23781.7173,22726.9127,0.04536,-0.02677,-0.017798,-0.040908,0.007879,0.69167,RANGE,,,,,NO_POSITION,CALL,,,,CALL,BULLISH,30.0,LOW,NEUTRAL,False,10.0,0.0,10.0,10.0,0.13
2025-02-17,NIFTY,22959.5,23301.765,23251.0575,23578.67,23899.0256,38.9017,277.4206,23784.8597,22717.2553,0.045916,-0.018053,-0.00283,-0.052118,0.007283,0.648818,RANGE,,,,,NO_POSITION,CALL,,,,CALL,BULLISH,30.0,LOW,NEUTRAL,False,10.0,0.0,10.0,10.0,-0.06
2025-02-18,NIFTY,22945.3,23222.37,23240.555,23545.375,23876.5928,38.5745,271.2477,23789.5259,22691.5841,0.047242,-0.005483,-0.009071,-0.051632,0.007155,0.536173,RANGE,,,,,NO_POSITION,CALL,,,,CALL,BULLISH,30.0,LOW,NEUTRAL,False,10.0,0.0,10.0,10.0,-0.05
2025-02-19,NIFTY,22932.9,23146.03,23226.9325,23511.197,23852.2033,38.2717,268.6657,23792.007,22661.858,0.048657,-0.004875,-0.011741,-0.055283,0.007129,0.652091,RANGE,,,,,NO_POSITION,CALL,,,,CALL,BULLISH,30.0,LOW,NEUTRAL,False,10.0,0.0,10.0,10.0,-0.09
2025-02-20,NIFTY,22913.15,23077.01,23217.98,23478.486,23828.3789,37.7633,258.0574,23796.815,22639.145,0.049861,-0.005134,-0.007754,-0.041858,0.007057,0.449364,RANGE,,,,,NO_POSITION,CALL,,,,CALL,BULLISH,30.0,LOW,NEUTRAL,False,10.0,0.0,10.0,10.0,-0.51
2025-02-21,NIFTY,22795.9,23000.605,23216.3175,23439.038,23804.2078,34.8071,253.9605,23799.7826,22632.8524,0.050263,-0.005816,-0.001456,-0.055331,0.00667,0.841868,RANGE,,,,,NO_POSITION,CALL,,,,CALL,BULLISH,34.0,LOW,NEUTRAL,False,10.0,4.0,10.0,10.0,-1.06
2025-02-24,NIFTY,22553.35,22917.78,23196.1225,23396.74,23779.8022,29.6383,255.6133,23838.9927,22553.2523,0.055429,-0.01769,-0.017594,-0.070963,0.006929,1.028168,RANGE,,,,,NO_POSITION,CALL,,,,CALL,BULLISH,39.0,LOW,NEUTRAL,False,15.0,4.0,10.0,10.0,-0.03
2025-02-25,NIFTY,22547.55,22865.355,23165.345,23360.971,23754.1744,29.5254,245.3123,23867.7724,22462.9176,0.060645,-0.017335,-0.026575,-0.078079,0.006536,1.017994,RANGE,,,,,NO_POSITION,CALL,,,,CALL,BULLISH,39.0,LOW,NEUTRAL,False,15.0,4.0,10.0,10.0,-0.01
2025-02-27,NIFTY,22545.05,22815.335,23130.1225,23327.895,23729.3294,29.4733,235.2829,23881.1075,22379.1375,0.064936,-0.016912,-0.0303,-0.07857,0.006435,1.142906,RANGE,,,,,NO_POSITION,CALL,,,,CALL,BULLISH,42.0,LOW,NEUTRAL,False,15.0,7.0,10.0,10.0,-1.86
2025-02-28,NIFTY,22124.7,22724.665,23060.9375,23291.355,23703.2472,22.3343,249.9198,23908.5154,22213.3596,0.073508,-0.03441,-0.05886,-0.104568,0.006789,1.419369,TREND_DOWN,CALL,PUT,,,,,PUT,,,PUT,BEARISH,48.0,LOW,NEUTRAL,False,20.0,7.0,10.0,8.0,-0.02
2025-03-03,NIFTY,22119.3,22643.67,22992.795,23261.991,23677.5117,22.2597,250.4148,23910.2191,22075.3709,0.079801,-0.029681,-0.058038,-0.103676,0.006804,0.984121,TREND_DOWN,NO_POSITION,PUT,,,,,NO_POSITION,,,PUT,BEARISH,45.0,LOW,NEUTRAL,False,20.0,4.0,10.0,8.0,-0.17
2025-03-04,NIFTY,22082.65,22555.985,22928.875,23228.575,23651.77,21.7293,243.5781,23910.646,21947.104,0.085636,-0.020871,-0.054724,-0.103024,0.00679,0.703944,TREND_DOWN,NO_POSITION,PUT,,,,,NO_POSITION,,,PUT,BEARISH,41.0,LOW,NEUTRAL,False,20.0,0.0,10.0,8.0,1.15
2025-03-05,NIFTY,22337.3,22495.185,22858.7775,23200.768,23631.2867,33.5735,249.5439,23798.3893,21919.1657,0.08221,-0.009325,-0.059056,-0.09235,0.006155,0.949193,TREND_DOWN,NO_POSITION,PUT,,,,,NO_POSITION,,,PUT,BEARISH,50.0,LOW,NEUTRAL,False,25.0,4.0,10.0,8.0,0.93
2025-03-06,NIFTY,22544.7,22456.365,22801.1975,23176.658,23611.3483,41.357,253.9051,23666.6735,21935.7215,0.075915,-1.6e-05,-0.048598,-0.085103,0.006742,1.296232,RANGE,,,,,NO_POSITION,NO_POSITION,,,,NO_POSITION,NEUTRAL,0.0,LOW,NEUTRAL,False,0.0,0.0,0.0,0.0,0.03
2025-03-07,NIFTY,22552.5,22420.3,22748.655,23151.44,23590.0778,41.634,247.844,23537.1258,21960.1842,0.06932,0.019336,-0.044521,-0.081316,0.006761,0.828707,RANGE,,,,,NO_POSITION,NO_POSITION,,,,NO_POSITION,NEUTRAL,0.0,LOW,NEUTRAL,False,0.0,0.0,0.0,0.0,-0.41
2025-03-10,NIFTY,22460.3,22386.74,22693.6725,23127.748,23569.1828,39.2726,247.8337,23396.939,21990.406,0.061979,0.015416,-0.046675,-0.093184,0.006772,0.768275,TREND_DOWN,NO_POSITION,PUT,,,,,NO_POSITION,,,PUT,BEARISH,46.0,LOW,NEUTRAL,False,25.0,0.0,10.0,8.0,0.17
2025-03-11,NIFTY,22497.9,22381.195,22649.4875,23104.81,23550.2111,40.7485,244.9456,23281.7778,22017.1972,0.055833,0.018804,-0.037795,-0.087982,0.006714,0.832122,TREND_DOWN,NO_POSITION,PUT,,,,,NO_POSITION,,,PUT,BEARISH,50.0,LOW,NEUTRAL,False,25.0,4.0,10.0,8.0,-0.12
2025-03-12,NIFTY,22470.5,22373.49,22619.4225,23079.362,23529.835,39.9859,245.153,23225.156,22013.689,0.053559,0.005963,-0.026062,-0.076656,0.00616,0.869305,RANGE,,,,,NO_POSITION,NO_POSITION,,,,NO_POSITION,NEUTRAL,0.0,LOW,NEUTRAL,False,0.0,0.0,0.0,0.0,-0.33
2025-03-13,NIFTY,22397.2,22358.705,22587.02,23043.533,23512.0778,37.9402,240.5492,23166.9546,22007.0854,0.051351,-0.006543,-0.028121,-0.074452,0.006175,0.759907,RANGE,,,,,NO_POSITION,CALL,,,,CALL,BULLISH,30.0,LOW,NEUTRAL,False,10.0,0.0,10.0,10.0,0.5
2025-03-17,NIFTY,22508.75,22397.11,22560.8875,23013.613,23493.1383,42.7412,239.3564,23104.3239,22017.4511,0.048175,-0.00194,-0.022693,-0.060244,0.006337,0.787622,RANGE,,,,,NO_POSITION,NO_POSITION,,,,NO_POSITION,NEUTRAL,0.0,LOW,NEUTRAL,False,0.0,0.0,0.0,0.0,1.45
2025-03-18,NIFTY,22834.3,22468.61,22556.14,22997.978,23474.8078,53.9401,247.1917,23088.1603,22024.1197,0.047173,0.016652,-0.004141,-0.031932,0.007172,1.056885,RANGE,,,,,NO_POSITION,NO_POSITION,,,,NO_POSITION,NEUTRAL,0.0,LOW,NEUTRAL,False,0.0,0.0,0.0,0.0,0.32
2025-03-19,NIFTY,22907.6,22551.105,22553.545,22981.972,23460.455,56.0256,239.0173,23078.1245,22028.9655,0.046519,0.018211,-0.002261,-0.03561,0.007205,0.710503,RANGE,,,,,NO_POSITION,NO_POSITION,,,,NO_POSITION,NEUTRAL,0.0,LOW,NEUTRAL,False,0.0,0.0,0.0,0.0,1.24
2025-03-20,NIFTY,23190.65,22636.44,22565.8125,22972.006,23449.8156,62.9935,244.0232,23135.9597,21995.6653,0.050532,0.032049,0.010693,-0.022632,0.007721,1.227456,RANGE,,,,,PUT,PUT,,,,PUT,BEARISH,42.0,LOW,NEUTRAL,False,15.0,7.0,10.0,10.0,0.69
2025-03-21,NIFTY,23350.4,22717.01,22586.6875,22968.484,23441.0278,66.2445,245.8715,23234.3677,21939.0073,0.057351,0.042559,0.018205,-0.016834,0.007843,1.049808,RANGE,,,,,PUT,PUT,,,,PUT,BEARISH,39.0,LOW,NEUTRAL,False,15.0,4.0,10.0,10.0,1.32
2025-03-24,NIFTY,23658.35,22827.595,22623.9475,22973.021,23438.5267,71.451,253.9057,23412.8157,21835.0793,0.069737,0.051073,0.032523,-0.006511,0.00829,1.091491,RANGE,,,,,PUT,PUT,,,,PUT,BEARISH,44.0,LOW,NEUTRAL,False,20.0,4.0,10.0,10.0,0.04
2025-03-25,NIFTY,23668.65,22948.43,22667.585,22984.675,23439.7444,71.6335,254.9581,23577.0151,21758.1549,0.080241,0.036539,0.038285,0.001004,0.008144,1.284714,RANGE,,,,,PUT,PUT,,,,PUT,BEARISH,47.0,LOW,NEUTRAL,False,20.0,7.0,10.0,10.0,-0.77
2025-03-26,NIFTY,23486.85,23047.325,22714.26,22990.891,23439.235,64.8245,257.1047,23688.9282,21739.5918,0.08582,0.025286,0.041391,-0.00668,0.007928,1.260781,RANGE,,,,,NO_POSITION,PUT,,,,PUT,BEARISH,37.0,LOW,NEUTRAL,False,10.0,7.0,10.0,10.0,0.45
2025-03-27,NIFTY,23591.95,23159.47,22766.48,22998.466,23440.77,66.8142,255.4627,23809.351,21723.609,0.091615,0.017304,0.04632,-0.006358,0.007926,0.830224,RANGE,,,,,NO_POSITION,PUT,,,,PUT,BEARISH,34.0,LOW,NEUTRAL,False,10.0,4.0,10.0,10.0,-0.31
2025-03-28,NIFTY,23519.35,23271.685,22815.195,23002.617,23440.7794,64.1364,251.4074,23902.2293,21728.1607,0.09529,0.007235,0.043216,-0.02767,0.008,1.123686,RANGE,,,,,NO_POSITION,PUT,,,,PUT,BEARISH,37.0,LOW,NEUTRAL,False,10.0,7.0,10.0,10.0,-1.5
2025-04-01,NIFTY,23165.7,23337.38,22867.245,23001.867,23438.7328,53.0332,264.0746,23916.0638,21818.4262,0.091731,-0.020824,0.047051,-0.034953,0.007534,1.412975,RANGE,,,,,NO_POSITION,NO_POSITION,,,,NO_POSITION,NEUTRAL,0.0,LOW,NEUTRAL,False,0.0,0.0,0.0,0.0,0.72
2025-04-02,NIFTY,23332.35,23387.185,22927.8975,23001.619,23432.345,56.8243,258.8762,23936.2061,21919.5889,0.087955,-0.014209,0.054841,-0.012013,0.007584,0.75068,RANGE,,,,,NO_POSITION,NO_POSITION,,,,NO_POSITION,NEUTRAL,0.0,LOW,NEUTRAL,False,0.0,0.0,0.0,0.0,-0.35
2025-04-03,NIFTY,23250.1,23421.435,22986.27,23006.128,23421.5472,54.4947,253.7037,23924.8493,22047.6907,0.081664,-0.01008,0.052867,-0.01931,0.007651,0.798624,RANGE,,,,,NO_POSITION,NO_POSITION,,,,NO_POSITION,NEUTRAL,0.0,LOW,NEUTRAL,False,0.0,0.0,0.0,0.0,-1.49
2025-04-04,NIFTY,22904.45,23392.815,23014.6275,23001.11,23407.2133,45.9262,263.6325,23906.1548,22123.1002,0.077475,-0.029141,0.02539,-0.033117,0.008282,1.241681,RANGE,,,,,NO_POSITION,NO_POSITION,,,,NO_POSITION,NEUTRAL,0.0,LOW,NEUTRAL,False,0.0,0.0,0.0,0.0,-3.24
2025-04-07,NIFTY,22161.6,23273.935,22995.4725,22980.235,23383.7322,33.683,327.7244,23941.3679,22049.5771,0.082268,-0.057729,-0.016993,-0.058015,0.010977,2.780119,RANGE,,,,,NO_POSITION,CALL,,,,CALL,BULLISH,40.0,LOW,NEUTRAL,False,10.0,10.0,10.0,10.0,1.69
2025-04-08,NIFTY,22535.85,23161.685,22994.64,22969.108,23368.4178,42.0586,342.57,23942.1214,22047.1586,0.082409,-0.027189,-0.000738,-0.038224,0.011669,1.586771,RANGE,,,,,NO_POSITION,NO_POSITION,,,,NO_POSITION,NEUTRAL,0.0,LOW,NEUTRAL,False,0.0,0.0,0.0,0.0,-0.61
2025-04-09,NIFTY,22399.15,23034.735,22991.5825,22960.508,23349.1739,40.0781,331.1595,23946.3083,22036.8567,0.08305,-0.039996,-0.002723,-0.02975,0.011714,0.911389,RANGE,,,,,NO_POSITION,NO_POSITION,,,,NO_POSITION,NEUTRAL,0.0,LOW,NEUTRAL,False,0.0,0.0,0.0,0.0,1.92
2025-04-11,NIFTY,22828.55,22968.905,23008.115,22957.934,23333.0906,48.3451,344.9899,23939.2323,22076.9977,0.080938,-0.018131,0.014697,-0.014994,0.012479,1.187003,RANGE,,,,,NO_POSITION,NO_POSITION,,,,NO_POSITION,NEUTRAL,0.0,LOW,NEUTRAL,False,0.0,0.0,0.0,0.0,2.19
2025-04-15,NIFTY,23328.55,22942.565,23051.0175,22961.243,23320.5506,55.9602,358.9021,23957.8509,22144.1841,0.078681,0.018516,0.038186,0.004969,0.013324,0.872625,RANGE,,,,,NO_POSITION,NO_POSITION,,,,NO_POSITION,NEUTRAL,0.0,LOW,NEUTRAL,False,0.0,0.0,0.0,0.0,0.47
2025-04-16,NIFTY,23437.2,22934.35,23103.0175,22964.997,23309.1033,57.4401,346.0816,23972.4211,22233.6139,0.075263,0.057559,0.046434,0.005379,0.013279,0.695827,RANGE,,,,,NO_POSITION,NO_POSITION,,,,NO_POSITION,NEUTRAL,0.0,LOW,NEUTRAL,False,0.0,0.0,0.0,0.0,1.77
2025-04-17,NIFTY,23851.65,23002.945,23170.1625,22971.862,23299.5839,62.5729,362.3183,24052.9355,22287.3895,0.076199,0.058387,0.059661,0.027947,0.013708,1.278407,RANGE,,,,,NO_POSITION,PUT,,,,PUT,BEARISH,37.0,LOW,NEUTRAL,False,10.0,7.0,10.0,10.0,1.15
2025-04-21,NIFTY,24125.55,23082.265,23234.725,22984.73,23293.4478,65.5244,360.5623,24195.2495,22274.2005,0.08268,0.077074,0.056549,0.033446,0.013592,0.734401,RANGE,,,,,NO_POSITION,PUT,,,,PUT,BEARISH,30.0,LOW,NEUTRAL,False,10.0,0.0,10.0,10.0,0.17
2025-04-22,NIFTY,24167.25,23173.98,23297.7075,23000.854,23288.4283,65.978,347.0247,24326.9104,22268.5046,0.088352,0.058641,0.054988,0.049625,0.013594,0.817261,RANGE,,,,,NO_POSITION,PUT,,,,PUT,BEARISH,34.0,LOW,NEUTRAL,False,10.0,4.0,10.0,10.0,0.67
2025-04-23,NIFTY,24328.95,23316.43,23354.6225,23012.648,23285.305,67.7029,339.3325,24475.6494,22233.5956,0.096,0.042883,0.049084,0.050684,0.013442,0.931057,RANGE,,,,,NO_POSITION,PUT,,,,PUT,BEARISH,34.0,LOW,NEUTRAL,False,10.0,4.0,10.0,10.0,-0.34
2025-04-24,NIFTY,24246.7,23524.94,23399.4375,23023.656,23280.915,65.8641,324.4996,24585.9553,22212.9197,0.101414,0.034539,0.038385,0.044875,0.013461,0.526794,RANGE,,,,,NO_POSITION,PUT,,,,PUT,BEARISH,30.0,LOW,NEUTRAL,False,10.0,0.0,10.0,10.0,-0.86
2025-04-25,NIFTY,24039.35,23675.29,23418.4875,23032.376,23275.2556,61.3606,338.2715,24632.927,22204.048,0.103716,0.007869,0.016104,0.041016,0.013385,1.551088,RANGE,,,,,NO_POSITION,PUT,,,,PUT,BEARISH,40.0,LOW,NEUTRAL,False,10.0,10.0,10.0,10.0,1.2
2025-04-28,NIFTY,24328.5,23868.225,23451.48,23047.747,23270.3689,64.9667,336.6641,24725.6926,22177.2674,0.108668,0.008412,0.027879,0.065677,0.013614,0.964889,RANGE,,,,,NO_POSITION,PUT,,,,PUT,BEARISH,34.0,LOW,NEUTRAL,False,10.0,4.0,10.0,10.0,0.03
2025-04-29,NIFTY,24335.95,24018.965,23493.935,23066.834,23266.6767,65.0401,324.5219,24825.331,22162.539,0.11334,0.006981,0.036152,0.060055,0.013447,0.742337,RANGE,,,,,NO_POSITION,PUT,,,,PUT,BEARISH,30.0,LOW,NEUTRAL,False,10.0,0.0,10.0,10.0,-0.01
2025-04-30,NIFTY,24334.2,24119.53,23531.0475,23092.082,23266.6567,65.0191,315.4985,24911.7696,22150.3254,0.117353,0.000216,0.031462,0.050559,0.013439,0.652785,RANGE,,,,,NO_POSITION,PUT,,,,PUT,BEARISH,30.0,LOW,NEUTRAL,False,10.0,0.0,10.0,10.0,0.05
2025-05-02,NIFTY,24346.7,24210.48,23572.415,23118.111,23268.2994,65.195,317.9936,24998.1004,22146.7296,0.120962,0.004124,0.035177,0.047192,0.013397,1.459922,RANGE,,,,,NO_POSITION,PUT,,,,PUT,BEARISH,37.0,LOW,NEUTRAL,False,10.0,7.0,10.0,10.0,0.47
2025-05-05,NIFTY,24461.15,24271.43,23637.1875,23146.706,23273.96,66.8022,308.1082,25100.295,22174.08,0.123797,0.017546,0.055921,0.040528,0.012804,0.711484,RANGE,,,,,NO_POSITION,PUT,,,,PUT,BEARISH,30.0,LOW,NEUTRAL,False,10.0,0.0,10.0,10.0,-0.33
2025-05-06,NIFTY,24379.6,24296.835,23689.55,23175.713,23282.7611,64.4968,298.8028,25179.9749,22199.1251,0.12583,0.0021,0.044884,0.038218,0.01283,0.608343,RANGE,,,,,NO_POSITION,PUT,,,,PUT,BEARISH,30.0,LOW,NEUTRAL,False,10.0,0.0,10.0,10.0,0.14
2025-05-07,NIFTY,24414.4,24321.55,23747.765,23204.811,23290.105,65.0571,293.844,25255.8328,22239.6972,0.127007,0.003224,0.050077,0.04509,0.01276,0.918107,RANGE,,,,,NO_POSITION,PUT,,,,PUT,BEARISH,34.0,LOW,NEUTRAL,False,10.0,4.0,10.0,10.0,-0.58
2025-05-08,NIFTY,24273.8,24316.035,23816.2325,23231.381,23296.1733,60.8817,294.0898,25288.8573,22343.6077,0.123666,-0.002482,0.059785,0.022518,0.012259,1.041612,RANGE,,,,,NO_POSITION,PUT,,,,PUT,BEARISH,34.0,LOW,NEUTRAL,False,10.0,4.0,10.0,10.0,-1.1
2025-05-09,NIFTY,24008.0,24292.165,23908.5525,23252.883,23299.0378,53.8657,297.2395,25171.2184,22645.8866,0.105625,-0.013912,0.083315,0.013154,0.009659,1.458279,RANGE,,,,,NO_POSITION,NO_POSITION,,,,NO_POSITION,NEUTRAL,0.0,LOW,NEUTRAL,False,0.0,0.0,0.0,0.0,3.82
2025-05-12,NIFTY,24924.7,24380.7,24027.995,23293.114,23311.3856,67.702,342.917,25197.1434,22858.8466,0.097316,0.01895,0.106002,0.055981,0.012031,1.513035,RANGE,,,,,NO_POSITION,PUT,,,,PUT,BEARISH,40.0,LOW,NEUTRAL,False,10.0,10.0,10.0,10.0,-1.39
2025-05-13,NIFTY,24578.35,24405.685,24136.955,23328.763,23321.7572,60.342,348.8493,25058.5675,23215.3425,0.076365,0.008152,0.097289,0.043226,0.012531,1.526041,RANGE,,,,,NO_POSITION,PUT,,,,PUT,BEARISH,40.0,LOW,NEUTRAL,False,10.0,10.0,10.0,10.0,0.36
2025-05-14,NIFTY,24666.9,24438.78,24228.8725,23371.034,23333.1139,61.4991,340.5118,24956.4424,23501.3026,0.060058,0.010342,0.080529,0.054971,0.012061,0.832468,RANGE,,,,,NO_POSITION,PUT,,,,PUT,BEARISH,34.0,LOW,NEUTRAL,False,10.0,4.0,10.0,10.0,1.6
2025-05-15,NIFTY,25062.1,24511.57,24315.55,23421.325,23347.7717,66.2081,360.6118,25005.5091,23625.5909,0.05675,0.032475,0.07431,0.086265,0.011665,1.688334,RANGE,,,,,PUT,PUT,,,,PUT,BEARISH,45.0,LOW,NEUTRAL,False,15.0,10.0,10.0,10.0,-0.17
2025-05-16,NIFTY,25019.8,24578.88,24394.68,23470.82,23357.0067,65.3068,343.1974,25023.8788,23765.4812,0.051585,0.042144,0.067525,0.085681,0.011723,0.566276,RANGE,,,,,NO_POSITION,PUT,,,,PUT,BEARISH,30.0,LOW,NEUTRAL,False,10.0,0.0,10.0,10.0,-0.3
2025-05-19,NIFTY,24945.45,24627.31,24449.37,23527.235,23367.4589,63.6236,329.1817,25070.3534,23828.3866,0.050797,0.000833,0.045858,0.083106,0.011295,0.500938,RANGE,,,,,NO_POSITION,PUT,,,,PUT,BEARISH,30.0,LOW,NEUTRAL,False,10.0,0.0,10.0,10.0,-1.05
2025-05-20,NIFTY,24683.9,24657.74,24477.2875,23578.527,23379.3239,57.9719,329.9461,25087.6413,23866.9337,0.049871,0.004294,0.023144,0.076525,0.011422,0.904852,RANGE,,,,,NO_POSITION,NO_POSITION,,,,NO_POSITION,NEUTRAL,0.0,LOW,NEUTRAL,False,0.0,0.0,0.0,0.0,0.52
2025-05-21,NIFTY,24813.45,24697.645,24509.5975,23633.143,23391.6078,59.8738,325.1145,25119.2962,23899.8988,0.049752,0.005941,0.026739,0.080749,0.011458,0.968893,RANGE,,,,,NO_POSITION,NO_POSITION,,,,NO_POSITION,NEUTRAL,0.0,LOW,NEUTRAL,False,0.0,0.0,0.0,0.0,-0.82
2025-05-22,NIFTY,24609.7,24731.235,24523.635,23678.591,23401.8383,55.6018,326.9658,25128.9627,23918.3073,0.049367,-0.018051,0.01154,0.072538,0.011578,1.051864,RANGE,,,,,NO_POSITION,NO_POSITION,,,,NO_POSITION,NEUTRAL,0.0,LOW,NEUTRAL,False,0.0,0.0,0.0,0.0,0.99
2025-05-23,NIFTY,24853.15,24815.75,24553.9575,23724.76,23416.5789,59.3424,325.0295,25161.511,23946.404,0.049487,-0.006661,0.025012,0.083733,0.011716,0.869681,RANGE,,,,,NO_POSITION,NO_POSITION,,,,NO_POSITION,NEUTRAL,0.0,LOW,NEUTRAL,False,0.0,0.0,0.0,0.0,0.6
2025-05-26,NIFTY,25001.15,24823.395,24602.0475,23773.733,23434.0194,61.4544,317.9304,25191.032,24013.063,0.047881,0.002233,0.040009,0.091127,0.011521,0.713099,RANGE,,,,,NO_POSITION,PUT,,,,PUT,BEARISH,30.0,LOW,NEUTRAL,False,10.0,0.0,10.0,10.0,-0.7
2025-05-27,NIFTY,24826.2,24848.18,24626.9325,23821.051,23453.3556,57.6401,320.854,25209.6064,24044.2586,0.04732,0.005765,0.020457,0.089064,0.011437,1.358466,RANGE,,,,,NO_POSITION,NO_POSITION,,,,NO_POSITION,NEUTRAL,0.0,LOW,NEUTRAL,False,0.0,0.0,0.0,0.0,-0.3
2025-05-28,NIFTY,24752.45,24856.735,24647.7575,23866.142,23470.8711,56.0543,307.0089,25216.9595,24078.5555,0.046187,-0.002458,0.017115,0.097507,0.011472,0.729672,RANGE,,,,,NO_POSITION,NO_POSITION,,,,NO_POSITION,NEUTRAL,0.0,LOW,NEUTRAL,False,0.0,0.0,0.0,0.0,0.33
2025-05-29,NIFTY,24833.6,24833.885,24672.7275,23913.404,23488.8756,57.4449,300.459,25228.372,24117.083,0.045041,0.009098,0.020523,0.101388,0.011481,0.74872,RANGE,,,,,NO_POSITION,NO_POSITION,,,,NO_POSITION,NEUTRAL,0.0,LOW,NEUTRAL,False,0.0,0.0,0.0,0.0,-0.33
2025-05-30,NIFTY,24750.7,24806.975,24692.9275,23960.474,23504.8633,55.513,289.5143,25228.7127,24157.1423,0.043396,-0.004122,0.016594,0.097833,0.011523,0.66989,RANGE,,,,,NO_POSITION,NO_POSITION,,,,NO_POSITION,NEUTRAL,0.0,LOW,NEUTRAL,False,0.0,0.0,0.0,0.0,-0.14
2025-06-02,NIFTY,24716.6,24784.09,24705.7,24004.631,23521.6789,54.7009,285.079,25230.8487,24180.5513,0.042512,-0.011381,0.010443,0.11715,0.011497,0.889455,RANGE,,,,,NO_POSITION,NO_POSITION,,,,NO_POSITION,NEUTRAL,0.0,LOW,NEUTRAL,False,0.0,0.0,0.0,0.0,-0.7
2025-06-03,NIFTY,24542.5,24769.95,24713.845,24038.795,23534.9872,50.6372,289.2119,25223.3294,24204.3606,0.041231,-0.011427,0.006682,0.109551,0.011594,0.989148,RANGE,,,,,NO_POSITION,NO_POSITION,,,,NO_POSITION,NEUTRAL,0.0,LOW,NEUTRAL,False,0.0,0.0,0.0,0.0,0.32
2025-06-04,NIFTY,24620.2,24750.625,24724.135,24073.047,23552.7156,52.3417,276.6883,25217.0561,24231.2139,0.039874,-0.005343,0.008429,0.114911,0.011608,0.488946,RANGE,,,,,NO_POSITION,NO_POSITION,,,,NO_POSITION,NEUTRAL,0.0,LOW,NEUTRAL,False,0.0,0.0,0.0,0.0,0.53
2025-06-05,NIFTY,24750.9,24764.745,24747.99,24104.252,23570.4439,55.1384,277.3988,25195.5143,24300.4657,0.036167,-0.00333,0.019655,0.108052,0.011559,1.024849,RANGE,,,,,NO_POSITION,NO_POSITION,,,,NO_POSITION,NEUTRAL,0.0,LOW,NEUTRAL,False,0.0,0.0,0.0,0.0,1.02
2025-06-06,NIFTY,25003.05,24779.735,24797.7425,24137.305,23590.4183,60.0356,283.165,25104.1259,24491.3591,0.024711,0.010196,0.041447,0.109043,0.01137,1.079216,RANGE,,,,,NO_POSITION,NO_POSITION,,,,NO_POSITION,NEUTRAL,0.0,LOW,NEUTRAL,False,0.0,0.0,0.0,0.0,0.4
2025-06-09,NIFTY,25103.2,24789.94,24806.6675,24166.202,23612.7628,61.8003,274.2206,25136.8029,24476.5321,0.026617,0.015641,0.007162,0.113101,0.007605,0.476201,RANGE,,,,,NO_POSITION,PUT,,,,PUT,BEARISH,30.0,LOW,NEUTRAL,False,10.0,0.0,10.0,10.0,0.0
2025-06-10,NIFTY,25104.25,24817.745,24832.9625,24194.914,23638.0417,61.8053,264.8491,25169.8734,24496.0516,0.027134,0.022889,0.021397,0.117717,0.006827,0.520986,RANGE,,,,,NO_POSITION,PUT,,,,PUT,BEARISH,30.0,LOW,NEUTRAL,False,10.0,0.0,10.0,10.0,0.15
2025-06-11,NIFTY,25141.4,24856.64,24856.6875,24228.005,23662.31,62.535,256.0288,25209.9138,24503.4612,0.028421,0.02117,0.019236,0.1175,0.006802,0.698858,RANGE,,,,,NO_POSITION,PUT,,,,PUT,BEARISH,30.0,LOW,NEUTRAL,False,10.0,0.0,10.0,10.0,-1.01
2025-06-12,NIFTY,24888.2,24862.1,24847.9925,24253.93,23681.4778,54.9553,264.1806,25188.9121,24507.0729,0.02744,0.005547,-0.006939,0.107594,0.006243,1.390897,RANGE,,,,,NO_POSITION,NO_POSITION,,,,NO_POSITION,NEUTRAL,0.0,LOW,NEUTRAL,False,0.0,0.0,0.0,0.0,-0.68
2025-06-13,NIFTY,24718.6,24858.89,24832.9325,24277.915,23697.8011,50.5346,274.9505,25168.7359,24497.1291,0.027045,-0.011377,-0.012038,0.103647,0.006405,1.031457,RANGE,,,,,NO_POSITION,NO_POSITION,,,,NO_POSITION,NEUTRAL,0.0,LOW,NEUTRAL,False,0.0,0.0,0.0,0.0,0.92
2025-06-16,NIFTY,24946.5,24881.88,24832.985,24313.531,23713.78,55.712,274.1867,25168.859,24497.111,0.027051,-0.006242,4.2e-05,0.108302,0.006738,0.999163,RANGE,,,,,NO_POSITION,NO_POSITION,,,,NO_POSITION,NEUTRAL,0.0,LOW,NEUTRAL,False,0.0,0.0,0.0,0.0,-0.37
2025-06-17,NIFTY,24853.4,24912.97,24841.46,24343.952,23729.0161,53.2621,266.5843,25170.3401,24512.5799,0.026478,-0.009992,0.006867,0.088424,0.006341,0.698615,RANGE,,,,,NO_POSITION,NO_POSITION,,,,NO_POSITION,NEUTRAL,0.0,LOW,NEUTRAL,False,0.0,0.0,0.0,0.0,-0.17
2025-06-18,NIFTY,24812.05,24932.155,24841.39,24375.191,23745.1383,52.1711,261.6156,25170.2946,24512.4854,0.02648,-0.0131,-5.6e-05,0.083136,0.006248,0.857088,RANGE,,,,,NO_POSITION,NO_POSITION,,,,NO_POSITION,NEUTRAL,0.0,LOW,NEUTRAL,False,0.0,0.0,0.0,0.0,-0.08
2025-06-19,NIFTY,24793.25,24936.39,24850.5675,24412.967,23756.8494,51.6541,252.1956,25162.9275,24538.2075,0.025139,-0.003815,0.007458,0.069105,0.005947,0.672079,RANGE,,,,,NO_POSITION,NO_POSITION,,,,NO_POSITION,NEUTRAL,0.0,LOW,NEUTRAL,False,0.0,0.0,0.0,0.0,1.29
2025-06-20,NIFTY,25112.4,24947.325,24863.53,24471.983,23772.5839,59.0833,259.3546,25196.1056,24530.9544,0.026752,0.015931,0.010431,0.075459,0.006228,1.261225,RANGE,,,,,NO_POSITION,NO_POSITION,,,,NO_POSITION,NEUTRAL,0.0,LOW,NEUTRAL,False,0.0,0.0,0.0,0.0,-0.56
2025-06-23,NIFTY,24971.9,24934.195,24862.0675,24520.704,23787.79,55.0746,261.393,25192.4596,24531.6754,0.026578,0.001018,-0.00117,0.055522,0.006235,1.302976,RANGE,,,,,NO_POSITION,NO_POSITION,,,,NO_POSITION,NEUTRAL,0.0,LOW,NEUTRAL,False,0.0,0.0,0.0,0.0,0.29
2025-06-24,NIFTY,25044.35,24928.205,24872.975,24573.608,23804.2833,56.7141,267.4102,25212.1964,24533.7536,0.027276,0.007683,0.008787,0.058123,0.006043,1.670147,RANGE,,,,,NO_POSITION,NO_POSITION,,,,NO_POSITION,NEUTRAL,0.0,LOW,NEUTRAL,False,0.0,0.0,0.0,0.0,0.8
2025-06-25,NIFTY,25244.75,24938.54,24897.59,24621.932,23824.985,60.9615,264.2029,25268.2457,24526.9343,0.029774,0.017439,0.019889,0.074846,0.006212,0.855343,RANGE,,,,,NO_POSITION,PUT,,,,PUT,BEARISH,34.0,LOW,NEUTRAL,False,10.0,4.0,10.0,10.0,1.21
2025-06-26,NIFTY,25549.0,25004.62,24933.36,24666.341,23852.5094,66.3164,268.2572,25398.4575,24468.2625,0.037307,0.030482,0.028808,0.082954,0.006673,0.901377,RANGE,,,,,PUT,PUT,,,,PUT,BEARISH,39.0,LOW,NEUTRAL,False,15.0,4.0,10.0,10.0,0.35
2025-06-27,NIFTY,25637.8,25096.54,24977.715,24710.353,23881.3156,67.7019,258.3931,25526.3683,24429.0617,0.043931,0.020922,0.035841,0.090073,0.00659,0.727823,RANGE,,,,,PUT,PUT,,,,PUT,BEARISH,35.0,LOW,NEUTRAL,False,15.0,0.0,10.0,10.0,-0.47
2025-06-30,NIFTY,25517.05,25153.595,25017.7375,24743.661,23908.9339,63.8488,253.9837,25600.1064,24435.3686,0.046556,0.021831,0.032385,0.101501,0.006715,1.133124,RANGE,,,,,NO_POSITION,PUT,,,,PUT,BEARISH,37.0,LOW,NEUTRAL,False,10.0,7.0,10.0,10.0,0.1
2025-07-01,NIFTY,25541.8,25222.435,25067.7025,24771.986,23937.9622,64.296,242.3323,25649.8757,24485.5293,0.046448,0.019863,0.040717,0.094695,0.006403,0.560231,RANGE,,,,,NO_POSITION,PUT,,,,PUT,BEARISH,30.0,LOW,NEUTRAL,False,10.0,0.0,10.0,10.0,-0.35
2025-07-02,NIFTY,25453.4,25286.57,25109.3625,24797.709,23965.6722,61.3371,241.4185,25676.5346,24542.1904,0.045176,0.008265,0.033842,0.094765,0.006511,0.927695,RANGE,,,,,NO_POSITION,PUT,,,,PUT,BEARISH,34.0,LOW,NEUTRAL,False,10.0,4.0,10.0,10.0,-0.19
2025-07-03,NIFTY,25405.3,25347.775,25142.0825,24819.236,23993.0056,59.7363,238.6755,25698.1568,24586.0082,0.044235,-0.005624,0.026439,0.109186,0.006499,1.100596,RANGE,,,,,NO_POSITION,NO_POSITION,,,,NO_POSITION,NEUTRAL,0.0,LOW,NEUTRAL,False,0.0,0.0,0.0,0.0,0.22
2025-07-04,NIFTY,25461.0,25382.635,25164.98,24843.522,24021.0956,60.991,231.5363,25733.8359,24596.1241,0.04521,-0.006896,0.018316,0.148879,0.006162,0.752569,TREND_UP,NO_POSITION,CALL,,,,,,NO_POSITION,,CALL,BULLISH,46.0,LOW,NEUTRAL,False,25.0,0.0,10.0,8.0,0.0
2025-07-07,NIFTY,25461.3,25431.575,25182.885,24871.961,24049.4083,61.0293,220.8992,25765.2186,24600.5514,0.046248,-0.002185,0.014265,0.129813,0.006122,0.530564,TREND_UP,NO_POSITION,CALL,,,,,,NO_POSITION,,CALL,BULLISH,46.0,LOW,NEUTRAL,False,25.0,0.0,10.0,8.0,0.24
2025-07-08,NIFTY,25522.5,25479.39,25203.7975,24895.841,24079.7039,62.5355,213.9478,25803.1255,24604.4695,0.047559,-0.000756,0.016661,0.139441,0.006131,0.514294,TREND_UP,NO_POSITION,CALL,,,,,,NO_POSITION,,CALL,BULLISH,46.0,LOW,NEUTRAL,False,25.0,0.0,10.0,8.0,-0.18
2025-07-09,NIFTY,25476.1,25502.525,25220.5325,24918.644,24112.1789,60.6224,207.5502,25830.5529,24610.5121,0.048375,0.000892,0.013313,0.115975,0.006157,0.599609,TREND_UP,NO_POSITION,CALL,,,,,,NO_POSITION,,CALL,BULLISH,46.0,LOW,NEUTRAL,False,25.0,0.0,10.0,8.0,-0.47
2025-07-10,NIFTY,25355.25,25483.15,25243.885,24939.065,24143.3756,55.8105,205.8351,25836.7461,24651.0239,0.046971,-0.00197,0.018766,0.086876,0.00577,0.885311,RANGE,,,,,NO_POSITION,NO_POSITION,,,,NO_POSITION,NEUTRAL,0.0,LOW,NEUTRAL,False,0.0,0.0,0.0,0.0,-0.81
2025-07-11,NIFTY,25149.85,25434.355,25265.4475,24955.128,24172.3178,48.7649,207.303,25809.6976,24721.1974,0.043083,-0.012221,0.017446,0.073074,0.005868,0.999266,RANGE,,,,,NO_POSITION,NO_POSITION,,,,NO_POSITION,NEUTRAL,0.0,LOW,NEUTRAL,False,0.0,0.0,0.0,0.0,-0.27
2025-07-14,NIFTY,25082.3,25390.88,25272.2375,24967.551,24205.18,46.6438,203.1531,25803.6384,24740.8366,0.042054,-0.014885,0.005444,0.051596,0.005574,0.910933,RANGE,,,,,NO_POSITION,NO_POSITION,,,,NO_POSITION,NEUTRAL,0.0,LOW,NEUTRAL,False,0.0,0.0,0.0,0.0,0.45
2025-07-15,NIFTY,25195.8,25356.28,25289.3575,24983.875,24239.3633,50.5153,200.3094,25786.6483,24792.0667,0.039328,-0.0128,0.013777,0.044362,0.005566,0.750575,RANGE,,,,,NO_POSITION,NO_POSITION,,,,NO_POSITION,NEUTRAL,0.0,LOW,NEUTRAL,False,0.0,0.0,0.0,0.0,0.06
2025-07-16,NIFTY,25212.05,25332.145,25309.3575,24999.828,24274.1344,51.0533,195.555,25758.0544,24860.6606,0.035457,-0.010365,0.016121,0.043232,0.005539,0.643864,RANGE,,,,,NO_POSITION,NO_POSITION,,,,NO_POSITION,NEUTRAL,0.0,LOW,NEUTRAL,False,0.0,0.0,0.0,0.0,-0.4
2025-07-17,NIFTY,25111.45,25302.76,25325.2675,25016.581,24304.9583,47.5586,191.3963,25718.811,24931.724,0.031079,-0.009615,0.012834,0.032163,0.005633,0.746572,RANGE,,,,,NO_POSITION,NO_POSITION,,,,NO_POSITION,NEUTRAL,0.0,LOW,NEUTRAL,False,0.0,0.0,0.0,0.0,-0.57
2025-07-18,NIFTY,24968.4,25253.5,25318.0675,25035.789,24331.8883,43.051,193.8806,25731.6826,24904.4524,0.032674,-0.007215,-0.005734,0.029765,0.005009,1.008656,RANGE,,,,,NO_POSITION,NO_POSITION,,,,NO_POSITION,NEUTRAL,0.0,LOW,NEUTRAL,False,0.0,0.0,0.0,0.0,0.49
2025-07-21,NIFTY,25090.7,25216.44,25324.0075,25039.109,24360.0906,47.6388,196.3848,25720.6297,24927.3853,0.031324,0.000335,0.004757,0.043735,0.004972,0.855812,RANGE,,,,,NO_POSITION,NO_POSITION,,,,NO_POSITION,NEUTRAL,0.0,LOW,NEUTRAL,False,0.0,0.0,0.0,0.0,-0.12
2025-07-22,NIFTY,25060.9,25170.28,25324.835,25048.76,24388.9861,46.6638,192.8259,25719.1824,24930.4876,0.031143,-0.005354,0.000661,0.030105,0.004941,0.671288,RANGE,,,,,NO_POSITION,NO_POSITION,,,,NO_POSITION,NEUTRAL,0.0,LOW,NEUTRAL,False,0.0,0.0,0.0,0.0,0.63
2025-07-23,NIFTY,25219.9,25144.66,25323.5925,25059.82,24419.2306,52.298,191.3709,25719.0963,24928.0887,0.031236,0.000311,-0.000984,0.036323,0.004813,0.850728,RANGE,,,,,NO_POSITION,NO_POSITION,,,,NO_POSITION,NEUTRAL,0.0,LOW,NEUTRAL,False,0.0,0.0,0.0,0.0,-0.63
2025-07-24,NIFTY,25062.1,25115.345,25299.2475,25059.82,24448.0261,46.9972,193.9518,25696.1939,24902.3011,0.03138,-0.001965,-0.019057,0.029913,0.004077,1.055802,RANGE,,,,,NO_POSITION,NO_POSITION,,,,NO_POSITION,NEUTRAL,0.0,LOW,NEUTRAL,False,0.0,0.0,0.0,0.0,-0.9
2025-07-25,NIFTY,24837.0,25084.06,25259.2075,25056.164,24475.135,40.6335,198.3776,25672.6862,24845.7288,0.032739,-0.005263,-0.031235,0.020138,0.00431,1.156036,RANGE,,,,,CALL,NO_POSITION,,,,CALL,BULLISH,32.0,LOW,NEUTRAL,False,5.0,7.0,10.0,10.0,-0.63
2025-07-28,NIFTY,24680.9,25043.92,25217.4,25050.873,24499.27,36.9075,201.5425,25683.8382,24750.9618,0.036993,-0.016333,-0.032768,0.008984,0.004384,1.205238,RANGE,,,,,CALL,CALL,,,,CALL,BULLISH,42.0,LOW,NEUTRAL,False,15.0,7.0,10.0,10.0,0.57
2025-07-29,NIFTY,24821.1,25006.45,25181.365,25053.617,24521.3456,42.074,204.8779,25653.3122,24709.4178,0.037484,-0.009569,-0.028216,0.018109,0.004651,1.383443,RANGE,,,,,NO_POSITION,NO_POSITION,,,,NO_POSITION,NEUTRAL,0.0,LOW,NEUTRAL,False,0.0,0.0,0.0,0.0,0.14
2025-07-30,NIFTY,24855.05,24970.75,25151.4475,25054.449,24542.9839,43.2478,199.5785,25626.4734,24676.4216,0.037773,-0.014467,-0.023508,0.018049,0.004665,1.141812,RANGE,,,,,NO_POSITION,NO_POSITION,,,,NO_POSITION,NEUTRAL,0.0,LOW,NEUTRAL,False,0.0,0.0,0.0,0.0,-0.35
2025-07-31,NIFTY,24768.35,24936.44,25119.6,25057.622,24560.5139,40.9069,208.258,25607.5109,24631.6891,0.038847,-0.011721,-0.025072,0.020374,0.004691,1.346155,RANGE,,,,,NO_POSITION,NO_POSITION,,,,NO_POSITION,NEUTRAL,0.0,LOW,NEUTRAL,False,0.0,0.0,0.0,0.0,-0.82
2025-08-01,NIFTY,24565.35,24896.135,25074.8175,25051.866,24574.0133,36.0018,211.1877,25592.6621,24556.9729,0.041304,-0.010937,-0.035177,0.023215,0.004861,1.355764,RANGE,,,,,NO_POSITION,CALL,,,,CALL,BULLISH,37.0,LOW,NEUTRAL,False,10.0,7.0,10.0,10.0,0.64
2025-08-04,NIFTY,24722.75,24859.34,25037.89,25046.298,24585.84,41.8224,209.1254,25545.4577,24530.3223,0.040544,0.001696,-0.029007,-0.008102,0.005184,0.927569,RANGE,,,,,NO_POSITION,NO_POSITION,,,,NO_POSITION,NEUTRAL,0.0,LOW,NEUTRAL,False,0.0,0.0,0.0,0.0,-0.3
2025-08-05,NIFTY,24649.55,24818.205,24994.2425,25042.765,24596.7389,39.9921,204.388,25477.147,24511.338,0.038641,-0.006911,-0.034203,0.002897,0.005112,0.85893,RANGE,,,,,NO_POSITION,NO_POSITION,,,,NO_POSITION,NEUTRAL,0.0,LOW,NEUTRAL,False,0.0,0.0,0.0,0.0,-0.31
2025-08-06,NIFTY,24574.2,24753.635,24949.1475,25039.2,24608.8206,38.162,199.2525,25411.6541,24486.6409,0.037076,-0.0113,-0.035402,-0.003758,0.005121,0.833502,RANGE,,,,,NO_POSITION,CALL,,,,CALL,BULLISH,34.0,LOW,NEUTRAL,False,10.0,4.0,10.0,10.0,0.09
2025-08-07,NIFTY,24596.15,24707.04,24911.1925,25034.451,24619.9783,39.0446,205.7302,25358.5041,24463.8809,0.035912,-0.006952,-0.029939,-0.018592,0.005105,1.507981,RANGE,,,,,NO_POSITION,CALL,,,,CALL,BULLISH,40.0,LOW,NEUTRAL,False,10.0,10.0,10.0,10.0,-0.95
2025-08-08,NIFTY,24363.3,24659.67,24871.865,25026.703,24629.3556,33.5703,209.496,25364.3554,24379.3746,0.039602,-0.008225,-0.031275,-0.026239,0.005206,1.221377,RANGE,,,,,CALL,CALL,,,,CALL,BULLISH,42.0,LOW,NEUTRAL,False,15.0,7.0,10.0,10.0,0.91
2025-08-11,NIFTY,24585.05,24650.085,24847.0025,25024.072,24645.1261,41.923,212.6479,25344.6672,24349.3378,0.040058,-0.00557,-0.019825,-0.014448,0.005716,0.976464,RANGE,,,,,NO_POSITION,NO_POSITION,,,,NO_POSITION,NEUTRAL,0.0,LOW,NEUTRAL,False,0.0,0.0,0.0,0.0,-0.4
2025-08-12,NIFTY,24487.4,24616.715,24811.5825,25022.97,24657.96,39.5627,214.3686,25305.731,24317.434,0.039832,-0.006578,-0.028116,-0.007961,0.005599,1.253544,RANGE,,,,,NO_POSITION,CALL,,,,CALL,BULLISH,37.0,LOW,NEUTRAL,False,10.0,7.0,10.0,10.0,0.54
2025-08-13,NIFTY,24619.35,24593.145,24781.9475,25022.953,24673.1739,44.1344,211.7022,25246.6901,24317.2049,0.037507,0.001837,-0.023509,-0.007822,0.005788,0.868447,RANGE,,,,,NO_POSITION,NO_POSITION,,,,NO_POSITION,NEUTRAL,0.0,LOW,NEUTRAL,False,0.0,0.0,0.0,0.0,0.05
2025-08-14,NIFTY,24631.3,24579.44,24757.94,25020.561,24692.3611,44.5431,202.0688,25201.2286,24314.6514,0.03581,0.001429,-0.019121,0.000878,0.00576,0.756351,RANGE,,,,,NO_POSITION,NO_POSITION,,,,NO_POSITION,NEUTRAL,0.0,LOW,NEUTRAL,False,0.0,0.0,0.0,0.0,1.0
2025-08-18,NIFTY,24876.95,24610.6,24753.3675,25018.039,24722.5317,52.2736,215.5253,25189.7104,24317.0246,0.035255,0.021083,-0.003663,0.000958,0.006134,1.310793,RANGE,,,,,NO_POSITION,NO_POSITION,,,,NO_POSITION,NEUTRAL,0.0,LOW,NEUTRAL,False,0.0,0.0,0.0,0.0,0.42
2025-08-19,NIFTY,24980.65,24636.39,24747.865,25015.588,24749.6961,55.1115,210.0501,25169.5839,24326.1461,0.034081,0.016091,-0.004386,-0.00082,0.006104,0.701664,RANGE,,,,,NO_POSITION,NO_POSITION,,,,NO_POSITION,NEUTRAL,0.0,LOW,NEUTRAL,False,0.0,0.0,0.0,0.0,0.28
2025-08-20,NIFTY,25050.55,24676.49,24747.3475,25014.514,24779.1561,56.9903,206.3953,25167.5513,24327.1437,0.03396,0.022998,-0.000413,0.009037,0.006135,0.798808,RANGE,,,,,NO_POSITION,NO_POSITION,,,,NO_POSITION,NEUTRAL,0.0,LOW,NEUTRAL,False,0.0,0.0,0.0,0.0,0.13
2025-08-21,NIFTY,25083.75,24727.445,24740.54,25013.361,24804.2139,57.8845,199.0118,25133.4242,24347.6558,0.03176,0.018863,-0.005399,0.013385,0.005962,0.806637,RANGE,,,,,NO_POSITION,NO_POSITION,,,,NO_POSITION,NEUTRAL,0.0,LOW,NEUTRAL,False,0.0,0.0,0.0,0.0,-0.85
2025-08-22,NIFTY,24870.1,24754.84,24730.94,25012.999,24821.3422,50.5705,200.9172,25100.6241,24361.2559,0.029896,0.009695,-0.007661,0.00147,0.006102,1.044556,RANGE,,,,,NO_POSITION,NO_POSITION,,,,NO_POSITION,NEUTRAL,0.0,LOW,NEUTRAL,False,0.0,0.0,0.0,0.0,0.39
2025-08-25,NIFTY,24967.75,24815.285,24737.4775,25017.982,24838.3483,53.4812,197.4159,25118.8716,24356.0834,0.030835,0.00365,0.005264,0.008769,0.005819,1.383179,RANGE,,,,,NO_POSITION,NO_POSITION,,,,NO_POSITION,NEUTRAL,0.0,LOW,NEUTRAL,False,0.0,0.0,0.0,0.0,-1.02
2025-08-26,NIFTY,24712.05,24827.985,24739.035,25013.293,24847.9083,45.9218,203.1705,25119.746,24358.324,0.030778,-0.010752,0.001262,-0.000184,0.006113,1.524207,RANGE,,,,,NO_POSITION,NO_POSITION,,,,NO_POSITION,NEUTRAL,0.0,LOW,NEUTRAL,False,0.0,0.0,0.0,0.0,-0.85
2025-08-28,NIFTY,24500.9,24829.335,24723.025,25006.243,24852.0789,40.8133,205.1029,25115.339,24330.711,0.031737,-0.021942,-0.0129,-0.001695,0.006253,1.292155,RANGE,,,,,NO_POSITION,NO_POSITION,,,,NO_POSITION,NEUTRAL,0.0,LOW,NEUTRAL,False,0.0,0.0,0.0,0.0,-0.3
2025-08-29,NIFTY,24426.85,24810.085,24701.615,24998.539,24854.9633,39.1593,202.4604,25109.2111,24294.0189,0.033002,-0.026188,-0.017228,-0.007853,0.006257,0.947886,RANGE,,,,,NO_POSITION,CALL,,,,CALL,BULLISH,34.0,LOW,NEUTRAL,False,10.0,4.0,10.0,10.0,0.81
2025-09-01,NIFTY,24625.05,24809.46,24694.45,24995.175,24858.2533,45.5004,202.9074,25102.1398,24286.7602,0.033019,-0.009853,-0.005786,-0.005085,0.006531,0.733782,RANGE,,,,,NO_POSITION,NO_POSITION,,,,NO_POSITION,NEUTRAL,0.0,LOW,NEUTRAL,False,0.0,0.0,0.0,0.0,-0.18
2025-09-02,NIFTY,24579.6,24779.725,24695.1625,24984.519,24861.9522,44.3512,205.091,25101.9962,24288.3288,0.032948,-0.015546,0.00058,-0.016936,0.006275,1.060595,RANGE,,,,,NO_POSITION,NO_POSITION,,,,NO_POSITION,NEUTRAL,0.0,LOW,NEUTRAL,False,0.0,0.0,0.0,0.0,0.55
2025-09-03,NIFTY,24715.05,24753.165,24694.7775,24979.382,24869.46,48.5135,205.0132,25101.5206,24288.0344,0.032942,0.000121,-0.000311,-0.015462,0.00623,0.800257,RANGE,,,,,NO_POSITION,NO_POSITION,,,,NO_POSITION,NEUTRAL,0.0,LOW,NEUTRAL,False,0.0,0.0,0.0,0.0,0.08
2025-09-04,NIFTY,24734.3,24721.54,24699.015,24973.181,24873.9689,49.0913,209.8317,25105.5509,24292.4791,0.032919,0.009526,0.003438,-0.014737,0.006192,1.15203,RANGE,,,,,NO_POSITION,NO_POSITION,,,,NO_POSITION,NEUTRAL,0.0,LOW,NEUTRAL,False,0.0,0.0,0.0,0.0,0.03
2025-09-05,NIFTY,24741.0,24687.265,24707.355,24963.106,24878.4694,49.3031,209.9029,25110.1328,24304.5772,0.032604,0.012861,0.006788,-0.015926,0.006145,1.010235,RANGE,,,,,NO_POSITION,NO_POSITION,,,,NO_POSITION,NEUTRAL,0.0,LOW,NEUTRAL,False,0.0,0.0,0.0,0.0,0.13
2025-09-08,NIFTY,24773.15,24677.57,24716.205,24947.589,24883.3467,50.397,205.222,25116.5913,24315.8187,0.032399,0.006014,0.007196,-0.004623,0.006148,0.838664,RANGE,,,,,NO_POSITION,NO_POSITION,,,,NO_POSITION,NEUTRAL,0.0,LOW,NEUTRAL,False,0.0,0.0,0.0,0.0,0.39
2025-09-09,NIFTY,24868.6,24667.655,24741.47,24932.205,24889.1456,53.5772,199.0442,25112.2696,24370.6704,0.029974,0.011758,0.02074,0.006068,0.005733,0.537135,RANGE,,,,,NO_POSITION,NO_POSITION,,,,NO_POSITION,NEUTRAL,0.0,LOW,NEUTRAL,False,0.0,0.0,0.0,0.0,0.42
2025-09-10,NIFTY,24973.1,24693.76,24760.8725,24921.326,24894.8339,56.8106,196.7663,25137.4672,24384.2778,0.030419,0.010441,0.015784,0.001066,0.005469,0.956414,RANGE,,,,,NO_POSITION,NO_POSITION,,,,NO_POSITION,NEUTRAL,0.0,LOW,NEUTRAL,False,0.0,0.0,0.0,0.0,0.13
2025-09-11,NIFTY,25005.5,24744.22,24786.7775,24910.6,24901.7883,57.8099,189.6336,25155.7631,24417.7919,0.029773,0.010965,0.021158,0.00612,0.005352,0.430134,RANGE,,,,,NO_POSITION,NO_POSITION,,,,NO_POSITION,NEUTRAL,0.0,LOW,NEUTRAL,False,0.0,0.0,0.0,0.0,0.43
2025-09-12,NIFTY,25114.0,24812.935,24811.51,24903.812,24909.5617,61.0126,185.6706,25198.178,24424.842,0.031168,0.015076,0.020092,0.012169,0.005313,0.634239,RANGE,,,,,NO_POSITION,PUT,,,,PUT,BEARISH,30.0,LOW,NEUTRAL,False,10.0,0.0,10.0,10.0,-0.18
2025-09-15,NIFTY,25069.2,24857.35,24833.405,24897.09,24918.3994,59.025,178.8193,25226.3175,24440.4925,0.031644,0.01195,0.017778,0.01113,0.005349,0.529796,RANGE,,,,,NO_POSITION,NO_POSITION,,,,NO_POSITION,NEUTRAL,0.0,LOW,NEUTRAL,False,0.0,0.0,0.0,0.0,0.68
2025-09-16,NIFTY,25239.1,24923.3,24851.5125,24892.652,24932.0783,63.8397,179.7749,25282.334,24420.691,0.034672,0.014898,0.014558,0.005045,0.005105,0.949696,RANGE,,,,,NO_POSITION,PUT,,,,PUT,BEARISH,34.0,LOW,NEUTRAL,False,10.0,4.0,10.0,10.0,0.36
2025-09-17,NIFTY,25330.25,24984.82,24868.9925,24890.031,24936.5844,66.1284,174.6043,25345.3197,24392.6653,0.038307,0.014301,0.013995,0.01435,0.005087,0.706176,RANGE,,,,,NO_POSITION,PUT,,,,PUT,BEARISH,30.0,LOW,NEUTRAL,False,10.0,0.0,10.0,10.0,0.37
2025-09-18,NIFTY,25423.6,25053.75,24887.645,24888.053,24945.9761,68.3773,170.6205,25417.1931,24358.0969,0.042555,0.01672,0.014892,0.015143,0.00511,0.855419,RANGE,,,,,PUT,PUT,,,,PUT,BEARISH,39.0,LOW,NEUTRAL,False,15.0,4.0,10.0,10.0,-0.38
2025-09-19,NIFTY,25327.05,25112.355,24899.81,24885.072,24953.3111,63.7009,168.7907,25457.2624,24342.3576,0.044776,0.008483,0.0097,0.00326,0.005207,0.991543,RANGE,,,,,NO_POSITION,PUT,,,,PUT,BEARISH,34.0,LOW,NEUTRAL,False,10.0,4.0,10.0,10.0,-0.49
2025-09-22,NIFTY,25202.35,25155.275,24916.4225,24882.014,24954.8694,58.1572,169.633,25488.9422,24343.9028,0.045955,0.005311,0.013359,-0.013568,0.004935,0.820106,RANGE,,,,,NO_POSITION,NO_POSITION,,,,NO_POSITION,NEUTRAL,0.0,LOW,NEUTRAL,False,0.0,0.0,0.0,0.0,-0.13
2025-09-23,NIFTY,25169.5,25185.365,24926.51,24882.407,24956.5328,56.8035,170.2086,25509.3089,24343.7111,0.046761,-0.002758,0.00808,-0.018266,0.004892,1.03604,RANGE,,,,,NO_POSITION,NO_POSITION,,,,NO_POSITION,NEUTRAL,0.0,LOW,NEUTRAL,False,0.0,0.0,0.0,0.0,-0.45
2025-09-24,NIFTY,25056.9,25193.745,24943.7525,24881.899,24957.7711,52.1638,168.1647,25520.5254,24366.9796,0.046246,-0.010791,0.013955,-0.018033,0.004373,1.101647,RANGE,,,,,NO_POSITION,NO_POSITION,,,,NO_POSITION,NEUTRAL,0.0,LOW,NEUTRAL,False,0.0,0.0,0.0,0.0,-0.66
2025-09-25,NIFTY,24890.85,25182.28,24963.25,24875.8,24960.0706,46.1771,171.4627,25504.0665,24422.4335,0.043329,-0.020955,0.015916,-0.025486,0.004176,1.338653,RANGE,,,,,NO_POSITION,NO_POSITION,,,,NO_POSITION,NEUTRAL,0.0,LOW,NEUTRAL,False,0.0,0.0,0.0,0.0,-0.95
2025-09-26,NIFTY,24654.7,25136.35,24974.6425,24864.653,24958.3067,39.2726,177.9134,25478.0896,24471.1954,0.040317,-0.026547,0.009328,-0.031379,0.004705,1.639645,RANGE,,,,,NO_POSITION,CALL,,,,CALL,BULLISH,43.0,LOW,NEUTRAL,False,10.0,10.0,10.0,10.0,-0.08
2025-09-29,NIFTY,24634.9,25092.92,24975.135,24855.122,24958.5867,38.8231,178.4409,25477.2306,24473.0394,0.040208,-0.022516,0.0004,-0.030324,0.004352,1.551811,RANGE,,,,,NO_POSITION,CALL,,,,CALL,BULLISH,43.0,LOW,NEUTRAL,False,10.0,10.0,10.0,10.0,-0.1
2025-09-30,NIFTY,24611.1,25030.12,24976.71,24847.976,24955.8972,38.1252,175.9753,25474.0075,24479.4125,0.039821,-0.022186,0.001282,-0.03338,0.004336,1.061985,RANGE,,,,,NO_POSITION,CALL,,,,CALL,BULLISH,37.0,LOW,NEUTRAL,False,10.0,4.0,10.0,10.0,0.92
2025-10-01,NIFTY,24836.3,24980.725,24982.7725,24842.888,24954.0656,47.2588,182.0765,25470.0174,24495.5276,0.039006,-0.008804,0.004906,-0.024547,0.004642,1.239646,RANGE,,,,,NO_POSITION,NO_POSITION,,,,NO_POSITION,NEUTRAL,0.0,LOW,NEUTRAL,False,0.0,0.0,0.0,0.0,0.23
2025-10-03,NIFTY,24894.25,24927.79,24990.77,24839.555,24954.8217,49.3271,180.3156,25466.5549,24514.9851,0.038077,0.000137,0.006467,-0.024616,0.004664,1.004718,RANGE,,,,,NO_POSITION,NO_POSITION,,,,NO_POSITION,NEUTRAL,0.0,LOW,NEUTRAL,False,0.0,0.0,0.0,0.0,0.74
2025-10-06,NIFTY,25077.65,24902.85,25007.6025,24836.71,24958.435,55.265,182.7298,25470.4961,24544.7089,0.03702,0.017155,0.013607,-0.01564,0.004922,1.214033,RANGE,,,,,NO_POSITION,NO_POSITION,,,,NO_POSITION,NEUTRAL,0.0,LOW,NEUTRAL,False,0.0,0.0,0.0,0.0,0.12
2025-10-07,NIFTY,25108.3,24893.445,25024.36,24837.634,24961.4872,56.2117,180.0087,25476.2247,24572.4953,0.036114,0.019217,0.013529,-0.00974,0.004922,1.059217,RANGE,,,,,NO_POSITION,NO_POSITION,,,,NO_POSITION,NEUTRAL,0.0,LOW,NEUTRAL,False,0.0,0.0,0.0,0.0,-0.25
2025-10-08,NIFTY,25046.15,24881.11,25033.2375,24841.817,24964.77,53.7674,180.348,25479.454,24587.021,0.03565,0.017677,0.00714,-0.004123,0.004911,1.175212,RANGE,,,,,NO_POSITION,NO_POSITION,,,,NO_POSITION,NEUTRAL,0.0,LOW,NEUTRAL,False,0.0,0.0,0.0,0.0,0.54
2025-10-09,NIFTY,25181.8,24893.6,25043.6725,24851.835,24969.9389,58.0268,179.9223,25493.5219,24593.8231,0.035925,0.013911,0.008357,0.003967,0.004968,1.07222,RANGE,,,,,NO_POSITION,NO_POSITION,,,,NO_POSITION,NEUTRAL,0.0,LOW,NEUTRAL,False,0.0,0.0,0.0,0.0,0.41
2025-10-10,NIFTY,25285.35,24933.05,25057.665,24861.12,24978.1928,60.9983,179.4763,25519.1533,24596.1767,0.036834,0.01571,0.011192,0.003554,0.005033,0.917335,RANGE,,,,,NO_POSITION,PUT,,,,PUT,BEARISH,34.0,LOW,NEUTRAL,False,10.0,4.0,10.0,10.0,-0.23
2025-10-13,NIFTY,25227.35,24990.315,25063.3325,24868.566,24984.9389,58.489,176.1696,25530.2017,24596.4633,0.037255,0.005969,0.004513,0.000607,0.00499,1.094965,RANGE,,,,,NO_POSITION,NO_POSITION,,,,NO_POSITION,NEUTRAL,0.0,LOW,NEUTRAL,False,0.0,0.0,0.0,0.0,-0.32
2025-10-14,NIFTY,25145.5,25041.375,25067.1475,24876.109,24989.3233,55.0587,181.4141,25535.3911,24598.9039,0.037359,0.001482,0.003044,0.001356,0.005031,1.331604,RANGE,,,,,NO_POSITION,NO_POSITION,,,,NO_POSITION,NEUTRAL,0.0,LOW,NEUTRAL,False,0.0,0.0,0.0,0.0,0.71
2025-10-15,NIFTY,25323.55,25112.62,25071.37,24891.273,24992.8844,60.506,184.1983,25547.2016,24595.5384,0.037958,0.011076,0.003346,0.014224,0.005053,1.109625,RANGE,,,,,NO_POSITION,PUT,,,,PUT,BEARISH,37.0,LOW,NEUTRAL,False,10.0,7.0,10.0,10.0,1.03
2025-10-16,NIFTY,25585.3,25187.52,25084.1225,24908.524,24998.2411,66.8192,192.5721,25599.0848,24569.1602,0.041059,0.016023,0.010069,0.019712,0.005497,1.170732,RANGE,,,,,NO_POSITION,PUT,,,,PUT,BEARISH,37.0,LOW,NEUTRAL,False,10.0,7.0,10.0,10.0,0.49
2025-10-17,NIFTY,25709.85,25269.08,25098.435,24929.73,25004.97,69.3362,198.2913,25663.7887,24533.0813,0.045051,0.016788,0.011259,0.025895,0.00554,1.388212,RANGE,,,,,PUT,PUT,,,,PUT,BEARISH,42.0,LOW,NEUTRAL,False,15.0,7.0,10.0,10.0,0.52
2025-10-20,NIFTY,25843.15,25345.63,25124.24,24955.109,25012.7672,71.8026,199.5854,25770.3269,24478.1531,0.051431,0.02441,0.020377,0.024713,0.005531,0.983385,RANGE,,,,,PUT,PUT,,,,PUT,BEARISH,44.0,LOW,NEUTRAL,False,20.0,4.0,10.0,10.0,0.1
2025-10-21,NIFTY,25868.6,25421.66,25157.5525,24980.558,25023.6606,72.2649,193.104,25880.4519,24434.6531,0.05747,0.028757,0.026436,0.03218,0.005351,0.225452,RANGE,,,,,NO_POSITION,PUT,,,,PUT,BEARISH,35.0,LOW,NEUTRAL,False,15.0,0.0,10.0,10.0,0.09
2025-10-23,NIFTY,25891.4,25506.185,25193.6475,25011.12,25036.6917,72.6807,196.5472,25984.2486,24403.0464,0.062762,0.022424,0.028682,0.042453,0.005317,1.487836,RANGE,,,,,NO_POSITION,PUT,,,,PUT,BEARISH,42.0,LOW,NEUTRAL,False,15.0,7.0,10.0,10.0,-0.37
2025-10-24,NIFTY,25795.15,25567.52,25230.56,25035.322,25046.1211,67.9206,198.6546,26060.1509,24400.9691,0.065761,0.008202,0.029463,0.045146,0.005275,1.199095,RANGE,,,,,NO_POSITION,PUT,,,,PUT,BEARISH,37.0,LOW,NEUTRAL,False,10.0,7.0,10.0,10.0,0.66
2025-10-27,NIFTY,25966.05,25635.59,25284.32,25064.895,25058.4839,71.4824,199.5292,26157.1138,24411.5262,0.069038,0.009965,0.043197,0.046128,0.005032,1.313575,RANGE,,,,,NO_POSITION,PUT,,,,PUT,BEARISH,42.0,LOW,NEUTRAL,False,15.0,7.0,10.0,10.0,-0.11
2025-10-28,NIFTY,25936.2,25706.475,25348.395,25091.232,25070.9744,70.0018,201.8328,26215.0274,24481.7626,0.068378,0.003601,0.051978,0.043498,0.004313,1.231871,RANGE,,,,,NO_POSITION,PUT,,,,PUT,BEARISH,42.0,LOW,NEUTRAL,False,15.0,7.0,10.0,10.0,0.45
2025-10-29,NIFTY,26053.9,25797.315,25419.345,25119.684,25084.9817,72.4706,198.952,26272.9542,24565.7358,0.067162,0.007163,0.057601,0.051903,0.00426,1.060801,RANGE,,,,,NO_POSITION,PUT,,,,PUT,BEARISH,39.0,LOW,NEUTRAL,False,15.0,4.0,10.0,10.0,-0.68
2025-10-30,NIFTY,25877.85,25852.745,25482.6825,25139.702,25093.4867,64.1116,199.6872,26272.6163,24692.7487,0.061998,-0.000523,0.051471,0.053429,0.004704,1.079124,RANGE,,,,,NO_POSITION,PUT,,,,PUT,BEARISH,34.0,LOW,NEUTRAL,False,10.0,4.0,10.0,10.0,-0.6
2025-10-31,NIFTY,25722.1,25866.425,25526.9725,25154.531,25101.8222,57.8412,202.7296,26264.5707,24789.3743,0.05779,-0.002832,0.035666,0.040422,0.004801,1.120688,RANGE,,,,,NO_POSITION,NO_POSITION,,,,NO_POSITION,NEUTRAL,0.0,LOW,NEUTRAL,False,0.0,0.0,0.0,0.0,0.16
2025-11-03,NIFTY,25763.35,25871.775,25570.4275,25168.787,25109.8111,59.0084,199.4794,26254.244,24886.611,0.053485,-0.007806,0.034912,0.045185,0.004799,0.824516,RANGE,,,,,NO_POSITION,NO_POSITION,,,,NO_POSITION,NEUTRAL,0.0,LOW,NEUTRAL,False,0.0,0.0,0.0,0.0,-0.64
2025-11-04,NIFTY,25597.65,25847.225,25596.4275,25179.065,25113.7322,52.7548,200.213,26241.7827,24951.0723,0.050425,-0.013053,0.020736,0.041647,0.004936,0.967003,RANGE,,,,,NO_POSITION,NO_POSITION,,,,NO_POSITION,NEUTRAL,0.0,LOW,NEUTRAL,False,0.0,0.0,0.0,0.0,-0.34
2025-11-06,NIFTY,25509.7,25811.335,25616.4975,25191.857,25113.2956,49.7507,199.2427,26223.723,25009.272,0.047409,-0.020887,0.015987,0.037142,0.005035,0.766734,RANGE,,,,,NO_POSITION,NO_POSITION,,,,NO_POSITION,NEUTRAL,0.0,LOW,NEUTRAL,False,0.0,0.0,0.0,0.0,-0.07
2025-11-07,NIFTY,25492.3,25771.425,25638.805,25202.348,25111.6789,49.1416,201.6437,26190.8539,25086.7561,0.043064,-0.014899,0.017813,0.04634,0.00499,1.158806,RANGE,,,,,NO_POSITION,NO_POSITION,,,,NO_POSITION,NEUTRAL,0.0,LOW,NEUTRAL,False,0.0,0.0,0.0,0.0,0.32
2025-11-10,NIFTY,25574.35,25749.345,25658.4325,25219.594,25112.3156,52.0859,198.778,26170.5626,25146.3024,0.039919,-0.005744,0.015589,0.04024,0.004908,0.621826,RANGE,,,,,NO_POSITION,NO_POSITION,,,,NO_POSITION,NEUTRAL,0.0,LOW,NEUTRAL,False,0.0,0.0,0.0,0.0,0.47
2025-11-11,NIFTY,25694.95,25722.235,25678.9125,25243.475,25114.0172,56.0482,203.6079,26161.6423,25196.1827,0.037597,-0.002655,0.016199,0.049313,0.004932,1.093745,RANGE,,,,,NO_POSITION,NO_POSITION,,,,NO_POSITION,NEUTRAL,0.0,LOW,NEUTRAL,False,0.0,0.0,0.0,0.0,0.7
2025-11-12,NIFTY,25875.8,25716.195,25711.335,25272.454,25118.7106,61.2839,206.1799,26153.8216,25268.8484,0.03442,0.010866,0.025704,0.051035,0.005062,0.879942,RANGE,,,,,NO_POSITION,PUT,,,,PUT,BEARISH,34.0,LOW,NEUTRAL,False,10.0,4.0,10.0,10.0,0.01
2025-11-13,NIFTY,25879.15,25698.72,25748.0175,25297.536,25123.9756,61.3698,205.9054,26111.35,25384.685,0.028222,0.014483,0.029176,0.050661,0.004958,0.875936,RANGE,,,,,NO_POSITION,PUT,,,,PUT,BEARISH,34.0,LOW,NEUTRAL,False,10.0,4.0,10.0,10.0,0.12
2025-11-14,NIFTY,25910.05,25701.94,25777.3425,25324.145,25128.965,62.2285,205.4243,26090.0518,25464.6332,0.024262,0.016387,0.02316,0.041528,0.004778,1.341971,RANGE,,,,,NO_POSITION,PUT,,,,PUT,BEARISH,37.0,LOW,NEUTRAL,False,10.0,7.0,10.0,10.0,0.4
2025-11-17,NIFTY,26013.45,25731.075,25798.75,25350.113,25135.1,65.1157,199.1937,26114.5462,25482.9538,0.024482,0.01717,0.016734,0.041344,0.004325,0.678556,RANGE,,,,,NO_POSITION,PUT,,,,PUT,BEARISH,30.0,LOW,NEUTRAL,False,10.0,0.0,10.0,10.0,-0.4
2025-11-18,NIFTY,25910.05,25745.745,25808.76,25373.628,25139.4061,60.1899,195.8874,26125.3407,25492.1793,0.024533,0.008371,0.007787,0.034311,0.004344,0.891495,RANGE,,,,,NO_POSITION,PUT,,,,PUT,BEARISH,34.0,LOW,NEUTRAL,False,10.0,4.0,10.0,10.0,0.55
2025-11-19,NIFTY,26052.65,25791.245,25819.235,25399.861,25145.8122,64.2073,197.5111,26153.0679,25485.4021,0.025859,0.006835,0.008107,0.038627,0.004363,0.878032,RANGE,,,,,NO_POSITION,PUT,,,,PUT,BEARISH,34.0,LOW,NEUTRAL,False,10.0,4.0,10.0,10.0,0.54
2025-11-20,NIFTY,26192.15,25859.49,25835.4125,25428.241,25155.1111,67.6609,197.2508,26206.5234,25464.3016,0.028729,0.012095,0.012507,0.053158,0.0045,1.09982,RANGE,,,,,NO_POSITION,PUT,,,,PUT,BEARISH,34.0,LOW,NEUTRAL,False,10.0,4.0,10.0,10.0,-0.47
2025-11-21,NIFTY,26068.15,25917.075,25844.25,25452.232,25165.3144,61.9343,193.1691,26228.46,25460.04,0.029733,0.006102,0.006827,0.044073,0.004656,1.4242,RANGE,,,,,NO_POSITION,PUT,,,,PUT,BEARISH,37.0,LOW,NEUTRAL,False,10.0,7.0,10.0,10.0,-0.42
2025-11-24,NIFTY,25959.5,25955.59,25852.4675,25471.96,25175.0611,57.3825,195.8621,26239.1476,25465.7874,0.029914,-0.002074,0.006371,0.050479,0.004678,1.200265,RANGE,,,,,NO_POSITION,NO_POSITION,,,,NO_POSITION,NEUTRAL,0.0,LOW,NEUTRAL,False,0.0,0.0,0.0,0.0,-0.29
2025-11-25,NIFTY,25884.8,25974.575,25848.405,25489.546,25182.7167,54.4126,194.3476,26231.9208,25464.8892,0.029674,-0.000975,-0.003129,0.056484,0.004483,0.924171,RANGE,,,,,NO_POSITION,NO_POSITION,,,,NO_POSITION,NEUTRAL,0.0,LOW,NEUTRAL,False,0.0,0.0,0.0,0.0,1.24
2025-11-26,NIFTY,26205.3,26007.525,25861.86,25511.372,25193.7528,63.2238,207.0751,26274.5263,25449.1937,0.031913,0.005859,0.010375,0.072807,0.005275,1.225143,TREND_UP,NO_POSITION,CALL,,,,,,NO_POSITION,,CALL,BULLISH,53.0,LOW,NEUTRAL,False,25.0,7.0,10.0,8.0,0.04
2025-11-27,NIFTY,26215.55,26041.165,25869.9425,25534.299,25206.0206,63.4594,204.3331,26303.1579,25436.7271,0.033492,0.000893,0.006204,0.064589,0.00519,0.826805,TREND_UP,NO_POSITION,CALL,,,,,,NO_POSITION,,CALL,BULLISH,50.0,LOW,NEUTRAL,False,25.0,4.0,10.0,8.0,-0.05
2025-11-28,NIFTY,26202.95,26070.455,25886.1975,25553.576,25219.7378,62.9037,197.4386,26343.1275,25429.2675,0.035303,0.005171,0.012563,0.066045,0.004922,0.531334,TREND_UP,NO_POSITION,CALL,,,,,,NO_POSITION,,CALL,BULLISH,46.0,LOW,NEUTRAL,False,25.0,0.0,10.0,8.0,-0.1
2025-12-01,NIFTY,26175.75,26086.685,25908.88,25570.486,25231.7939,61.6623,197.7442,26375.902,25441.858,0.036051,0.00833,0.017637,0.059102,0.004688,0.862108,RANGE,,,,,NO_POSITION,PUT,,,,PUT,BEARISH,34.0,LOW,NEUTRAL,False,10.0,4.0,10.0,10.0,-0.55
2025-12-02,NIFTY,26032.2,26098.9,25922.3225,25582.658,25242.5861,55.4117,196.3264,26387.2876,25457.3574,0.035874,0.005694,0.010435,0.052474,0.004895,0.895938,RANGE,,,,,NO_POSITION,NO_POSITION,,,,NO_POSITION,NEUTRAL,0.0,LOW,NEUTRAL,False,0.0,0.0,0.0,0.0,-0.18
2025-12-03,NIFTY,25986.0,26092.235,25941.74,25595.837,25251.0983,53.5449,194.8667,26382.6628,25500.8172,0.033993,-0.008369,0.015171,0.050321,0.004651,0.97369,RANGE,,,,,NO_POSITION,NO_POSITION,,,,NO_POSITION,NEUTRAL,0.0,LOW,NEUTRAL,False,0.0,0.0,0.0,0.0,0.18
2025-12-04,NIFTY,26033.75,26076.395,25967.9425,25612.465,25261.8944,55.2608,192.3126,26362.9464,25572.9386,0.030422,-0.006935,0.020543,0.050886,0.004548,0.805945,RANGE,,,,,NO_POSITION,NO_POSITION,,,,NO_POSITION,NEUTRAL,0.0,LOW,NEUTRAL,False,0.0,0.0,0.0,0.0,0.59
2025-12-05,NIFTY,26186.45,26088.225,26002.65,25632.804,25276.8883,60.2065,194.0914,26342.5199,25662.7801,0.026141,-0.00063,0.02723,0.052993,0.004653,1.053784,RANGE,,,,,NO_POSITION,PUT,,,,PUT,BEARISH,34.0,LOW,NEUTRAL,False,10.0,4.0,10.0,10.0,-0.86
2025-12-08,NIFTY,25960.55,26088.33,26021.96,25650.877,25291.1067,51.1587,201.2289,26300.6827,25743.2373,0.021422,-0.008221,0.015101,0.039541,0.005133,1.147284,RANGE,,,,,NO_POSITION,NO_POSITION,,,,NO_POSITION,NEUTRAL,0.0,LOW,NEUTRAL,False,0.0,0.0,0.0,0.0,-0.47
2025-12-09,NIFTY,25839.65,26083.815,26029.195,25669.853,25302.4239,47.0804,203.4701,26279.6691,25778.7209,0.019246,-0.007397,0.005631,0.033359,0.00518,1.180401,RANGE,,,,,NO_POSITION,NO_POSITION,,,,NO_POSITION,NEUTRAL,0.0,LOW,NEUTRAL,False,0.0,0.0,0.0,0.0,-0.32
2025-12-10,NIFTY,25758.0,26039.085,26023.305,25691.919,25312.4567,44.5252,204.1487,26292.7523,25753.8577,0.020708,-0.008774,-0.004553,0.025643,0.00498,0.865001,RANGE,,,,,NO_POSITION,NO_POSITION,,,,NO_POSITION,NEUTRAL,0.0,LOW,NEUTRAL,False,0.0,0.0,0.0,0.0,0.55
2025-12-11,NIFTY,25898.55,26007.385,26024.275,25717.192,25325.0144,49.6096,205.9937,26291.7721,25756.7779,0.020558,-0.005193,0.00075,0.033082,0.005139,0.96351,RANGE,,,,,NO_POSITION,NO_POSITION,,,,NO_POSITION,NEUTRAL,0.0,LOW,NEUTRAL,False,0.0,0.0,0.0,0.0,0.57
2025-12-12,NIFTY,26046.95,25991.785,26031.12,25745.909,25341.4767,54.4075,202.6234,26293.5331,25768.7069,0.020161,-0.005327,0.005284,0.032008,0.00529,0.854361,RANGE,,,,,NO_POSITION,NO_POSITION,,,,NO_POSITION,NEUTRAL,0.0,LOW,NEUTRAL,False,0.0,0.0,0.0,0.0,-0.08
2025-12-15,NIFTY,26027.3,25976.94,26031.8125,25769.729,25355.9717,53.6891,198.3333,26294.1085,25769.5165,0.020152,0.002571,0.000532,0.027518,0.005221,0.801563,RANGE,,,,,NO_POSITION,NO_POSITION,,,,NO_POSITION,NEUTRAL,0.0,LOW,NEUTRAL,False,0.0,0.0,0.0,0.0,-0.64
2025-12-16,NIFTY,25860.1,25959.73,26029.315,25789.046,25369.4222,47.8427,197.9237,26297.0949,25761.5351,0.020575,0.000791,-0.001928,0.017169,0.005347,0.863877,RANGE,,,,,NO_POSITION,NO_POSITION,,,,NO_POSITION,NEUTRAL,0.0,LOW,NEUTRAL,False,0.0,0.0,0.0,0.0,-0.16
2025-12-17,NIFTY,25818.55,25942.985,26017.61,25803.864,25383.2483,46.4702,195.1515,26300.3351,25734.8849,0.021733,0.002351,-0.008986,0.019406,0.00519,0.650073,RANGE,,,,,NO_POSITION,NO_POSITION,,,,NO_POSITION,NEUTRAL,0.0,LOW,NEUTRAL,False,0.0,0.0,0.0,0.0,-0.01
2025-12-18,NIFTY,25815.55,25921.165,25998.78,25818.009,25396.7972,46.3523,193.7631,26282.6603,25714.8997,0.021838,-0.003205,-0.014378,0.024331,0.00501,0.933967,RANGE,,,,,NO_POSITION,NO_POSITION,,,,NO_POSITION,NEUTRAL,0.0,LOW,NEUTRAL,False,0.0,0.0,0.0,0.0,0.58
2025-12-19,NIFTY,25966.4,25899.16,25993.6925,25836.414,25414.6094,52.0738,192.6318,26276.0606,25711.3244,0.021726,-0.003092,-0.003903,0.031661,0.00512,0.885077,RANGE,,,,,NO_POSITION,NO_POSITION,,,,NO_POSITION,NEUTRAL,0.0,LOW,NEUTRAL,False,0.0,0.0,0.0,0.0,0.79
2025-12-22,NIFTY,26172.4,25920.345,26004.3375,25856.226,25432.2467,58.5532,194.1652,26296.6249,25712.0501,0.02248,0.005575,0.008201,0.044519,0.005335,0.703824,RANGE,,,,,NO_POSITION,NO_POSITION,,,,NO_POSITION,NEUTRAL,0.0,LOW,NEUTRAL,False,0.0,0.0,0.0,0.0,0.02
2025-12-23,NIFTY,26177.15,25954.095,26018.955,25874.062,25451.0217,58.6955,188.4938,26315.0838,25722.8262,0.022763,0.01226,0.011294,0.051678,0.005279,0.619897,RANGE,,,,,NO_POSITION,NO_POSITION,,,,NO_POSITION,NEUTRAL,0.0,LOW,NEUTRAL,False,0.0,0.0,0.0,0.0,-0.13
2025-12-24,NIFTY,26142.1,25992.505,26015.795,25892.357,25467.9411,57.1813,183.1263,26305.1742,25726.4158,0.022246,0.012532,-0.002412,0.060329,0.004497,0.693665,RANGE,,,,,NO_POSITION,NO_POSITION,,,,NO_POSITION,NEUTRAL,0.0,LOW,NEUTRAL,False,0.0,0.0,0.0,0.0,-0.38
2025-12-26,NIFTY,26042.3,26006.88,26007.1325,25910.293,25483.6189,52.9653,179.7227,26282.0875,25732.1775,0.021145,0.008783,-0.006609,0.05713,0.00457,1.235485,RANGE,,,,,NO_POSITION,NO_POSITION,,,,NO_POSITION,NEUTRAL,0.0,LOW,NEUTRAL,False,0.0,0.0,0.0,0.0,-0.38
2025-12-29,NIFTY,25942.1,25996.395,25994.09,25922.664,25495.4539,49.0626,180.1991,26255.0436,25733.1364,0.020078,-0.000936,-0.009955,0.054081,0.004638,1.295705,RANGE,,,,,NO_POSITION,NO_POSITION,,,,NO_POSITION,NEUTRAL,0.0,LOW,NEUTRAL,False,0.0,0.0,0.0,0.0,-0.01
2025-12-30,NIFTY,25938.85,25987.55,25982.245,25929.735,25506.1006,48.9276,174.387,26230.3293,25734.1607,0.019096,-0.008924,-0.00905,0.044393,0.004637,1.071232,RANGE,,,,,NO_POSITION,NO_POSITION,,,,NO_POSITION,NEUTRAL,0.0,LOW,NEUTRAL,False,0.0,0.0,0.0,0.0,0.74
2025-12-31,NIFTY,26129.6,26014.5,25987.115,25938.13,25518.09,56.0587,179.7237,26242.643,25731.587,0.019666,-0.001816,0.003742,0.049624,0.004788,1.085364,RANGE,,,,,NO_POSITION,NO_POSITION,,,,NO_POSITION,NEUTRAL,0.0,LOW,NEUTRAL,False,0.0,0.0,0.0,0.0,0.06
2026-01-14,NIFTY,25665.6,25979.315,,,,,,,,,-0.018177,,,,1.013382,RANGE,,,,,NO_POSITION,CALL,,,,NO_POSITION,NEUTRAL,0.0,LOW,NEUTRAL,False,0.0,0.0,0.0,0.0,0.11
2026-01-16,NIFTY,25694.35,25934.095,,,,,,,,,-0.007053,,,,1.285973,RANGE,,,,,NO_POSITION,NO_POSITION,,,,NO_POSITION,NEUTRAL,0.0,LOW,NEUTRAL,False,0.0,0.0,0.0,0.0,-0.42
2026-01-19,NIFTY,25585.5,25859.79,,,,,,,,,-0.003808,,,,1.033798,RANGE,,,,,NO_POSITION,CALL,,,,NO_POSITION,NEUTRAL,0.0,LOW,NEUTRAL,False,0.0,0.0,0.0,0.0,-1.38
2026-01-20,NIFTY,25232.5,25758.01,,,,,,,,,-0.021626,,,,1.327039,RANGE,,,,,CALL,CALL,,,,NO_POSITION,NEUTRAL,0.0,LOW,NEUTRAL,False,0.0,0.0,0.0,0.0,-0.3
2026-01-21,NIFTY,25157.5,25655.89,,,,,197.1091,,,,-0.022338,,,,2.001506,RANGE,,,,,CALL,CALL,,,,NO_POSITION,NEUTRAL,0.0,LOW,NEUTRAL,False,0.0,0.0,0.0,0.0,0.53
2026-01-22,NIFTY,25289.9,25570.805,,,,,202.9049,,,,-0.014638,,,,1.882315,RANGE,,,,,NO_POSITION,CALL,,,,NO_POSITION,NEUTRAL,0.0,LOW,NEUTRAL,False,0.0,0.0,0.0,0.0,-0.95
2026-01-23,NIFTY,25048.65,25487.985,,,,51.32,211.4581,,,,-0.02513,,,,1.221196,RANGE,,,,,CALL,CALL,,,,NO_POSITION,NEUTRAL,0.0,LOW,NEUTRAL,False,0.0,0.0,0.0,0.0,0.51
2026-01-27,NIFTY,25175.4,25437.195,,,,54.2227,218.7897,,,,-0.016029,,,,1.177155,RANGE,,,,,NO_POSITION,CALL,,,,NO_POSITION,NEUTRAL,0.0,LOW,NEUTRAL,False,0.0,0.0,0.0,0.0,0.66
2026-01-28,NIFTY,25342.75,25392.445,,,,57.8005,217.2119,,,,0.004369,,,,1.194657,RANGE,,,,,NO_POSITION,NO_POSITION,,,,NO_POSITION,NEUTRAL,0.0,LOW,NEUTRAL,False,0.0,0.0,0.0,0.0,0.3
2026-01-29,NIFTY,25418.9,25361.105,,,,59.3572,223.0074,,,,0.010391,,,,1.466496,RANGE,,,,,NO_POSITION,NO_POSITION,,,,NO_POSITION,NEUTRAL,0.0,LOW,NEUTRAL,False,0.0,0.0,0.0,0.0,-0.39
2026-01-30,NIFTY,25320.65,25326.61,25652.9625,,,56.4632,221.7391,26435.5994,24870.3256,0.061017,0.001216,,,,1.110157,RANGE,,,,,NO_POSITION,NO_POSITION,,,,NO_POSITION,NEUTRAL,0.0,LOW,NEUTRAL,False,0.0,0.0,0.0,0.0,-1.96
2026-02-01,NIFTY,24825.45,25239.72,25586.9075,,,44.6478,267.9827,26413.5253,24760.2897,0.064613,-0.008911,-0.050527,,0.007017,0.0,RANGE,,,,,NO_POSITION,CALL,,,,NO_POSITION,NEUTRAL,0.0,LOW,NEUTRAL,False,0.0,0.0,0.0,0.0,1.06
2026-02-02,NIFTY,25088.4,25190.01,25524.9,,,50.5635,279.4625,26304.3951,24745.4049,0.061077,-0.003456,-0.047103,,0.007317,1.43924,RANGE,,,,,NO_POSITION,CALL,,,,NO_POSITION,NEUTRAL,0.0,LOW,NEUTRAL,False,0.0,0.0,0.0,0.0,2.55
2026-02-03,NIFTY,25727.55,25239.515,25498.7625,,,61.3706,348.9866,26211.4,24786.125,0.055896,0.015184,-0.019914,,0.009604,2.569111,RANGE,,,,,NO_POSITION,NO_POSITION,,,,NO_POSITION,NEUTRAL,0.0,LOW,NEUTRAL,False,0.0,0.0,0.0,0.0,0.19
2026-02-04,NIFTY,25776.0,25301.365,25478.6275,,,62.0478,342.2447,26133.7151,24823.5399,0.051423,0.014049,-0.015383,,0.009615,0.696132,RANGE,,,,,NO_POSITION,NO_POSITION,,,,NO_POSITION,NEUTRAL,0.0,LOW,NEUTRAL,False,0.0,0.0,0.0,0.0,-0.52
2026-02-05,NIFTY,25642.8,25336.655,25453.73,,,58.9859,331.8344,26040.56,24866.9,0.04611,0.012723,-0.019049,,0.009665,0.61067,RANGE,,,,,NO_POSITION,NO_POSITION,,,,NO_POSITION,NEUTRAL,0.0,LOW,NEUTRAL,False,0.0,0.0,0.0,0.0,0.2
2026-02-06,NIFTY,25693.7,25401.16,25444.5725,,,59.8022,323.2783,26010.0325,24879.1125,0.044446,0.034974,-0.007078,,0.009436,0.776213,RANGE,,,,,NO_POSITION,NO_POSITION,,,,NO_POSITION,NEUTRAL,0.0,LOW,NEUTRAL,False,0.0,0.0,0.0,0.0,0.68
2026-02-09,NIFTY,25867.3,25470.35,25453.7725,,,62.5407,316.512,26040.0728,24867.4722,0.046068,0.031046,0.007164,,0.009404,0.592164,RANGE,,,,,NO_POSITION,NO_POSITION,,,,NO_POSITION,NEUTRAL,0.0,LOW,NEUTRAL,False,0.0,0.0,0.0,0.0,0.26
2026-02-10,NIFTY,25935.15,25529.59,25461.0175,,,63.5849,302.629,26067.0204,24855.0146,0.047602,0.008069,0.005618,,0.009378,0.566832,RANGE,,,,,NO_POSITION,NO_POSITION,,,,NO_POSITION,NEUTRAL,0.0,LOW,NEUTRAL,False,0.0,0.0,0.0,0.0,0.07
2026-02-11,NIFTY,25953.85,25583.085,25472.095,,,63.8837,288.8412,26105.0299,24839.1601,0.049696,0.0069,0.00861,,0.009359,0.517608,RANGE,,,,,NO_POSITION,NO_POSITION,,,,NO_POSITION,NEUTRAL,0.0,LOW,NEUTRAL,False,0.0,0.0,0.0,0.0,-0.57
2026-02-12,NIFTY,25807.2,25631.74,25479.175,,,59.7434,282.599,26123.6719,24834.6781,0.05059,0.006411,0.005517,,0.009436,0.58941,RANGE,,,,,NO_POSITION,NO_POSITION,,,,NO_POSITION,NEUTRAL,0.0,LOW,NEUTRAL,False,0.0,0.0,0.0,0.0,-1.3
2026-02-13,NIFTY,25471.1,25696.305,25468.0125,,,51.5047,288.3348,26104.9041,24831.1209,0.050015,-0.008664,-0.008689,,0.009892,0.876958,RANGE,,,,,NO_POSITION,NO_POSITION,,,,NO_POSITION,NEUTRAL,0.0,LOW,NEUTRAL,False,0.0,0.0,0.0,0.0,0.83
2026-02-16,NIFTY,25682.75,25755.74,25472.875,,,55.6521,290.9037,26114.7458,24831.0042,0.050396,-0.007134,0.003801,,0.010032,0.639619,RANGE,,,,,NO_POSITION,NO_POSITION,,,,NO_POSITION,NEUTRAL,0.0,LOW,NEUTRAL,False,0.0,0.0,0.0,0.0,0.17
2026-02-17,NIFTY,25725.4,25755.525,25497.52,,,56.4602,283.9892,26138.4305,24856.6095,0.050272,-0.008087,0.019534,,0.009473,0.630794,RANGE,,,,,NO_POSITION,NO_POSITION,,,,NO_POSITION,NEUTRAL,0.0,LOW,NEUTRAL,False,0.0,0.0,0.0,0.0,0.37
2026-02-18,NIFTY,25819.35,25759.86,25530.6125,,,58.2642,276.7685,26166.2052,24895.0198,0.049791,-0.005182,0.026308,,0.009443,0.614639,RANGE,,,,,NO_POSITION,NO_POSITION,,,,NO_POSITION,NEUTRAL,0.0,LOW,NEUTRAL,False,0.0,0.0,0.0,0.0,-1.41
2026-02-19,NIFTY,25454.35,25741.015,25538.835,,,49.656,292.4672,26165.9572,24911.7128,0.049111,-0.013673,0.006503,,0.009999,1.041805,RANGE,,,,,NO_POSITION,NO_POSITION,,,,NO_POSITION,NEUTRAL,0.0,LOW,NEUTRAL,False,0.0,0.0,0.0,0.0,0.46
2026-02-20,NIFTY,25571.25,25728.77,25564.965,,,52.0971,291.8481,26150.3752,24979.5548,0.045798,0.003932,0.020863,,0.009758,1.165578,RANGE,,,,,NO_POSITION,NO_POSITION,,,,NO_POSITION,NEUTRAL,0.0,LOW,NEUTRAL,False,0.0,0.0,0.0,0.0,0.55
2026-02-23,NIFTY,25713.0,25713.34,25591.845,,,54.9496,285.3018,26152.0643,25031.6257,0.043781,0.001178,0.021354,,0.009769,1.338359,RANGE,,,,,NO_POSITION,NO_POSITION,,,,NO_POSITION,NEUTRAL,0.0,LOW,NEUTRAL,False,0.0,0.0,0.0,0.0,-1.12
2026-02-24,NIFTY,25424.65,25662.29,25595.94,,,48.6086,292.4517,26149.9795,25041.9005,0.043291,-0.011691,0.003232,,0.010048,0.971578,RANGE,,,,,NO_POSITION,NO_POSITION,,,,NO_POSITION,NEUTRAL,0.0,LOW,NEUTRAL,False,0.0,0.0,0.0,0.0,0.23
2026-02-25,NIFTY,25482.5,25615.155,25599.12,,,49.8587,287.8444,26149.7781,25048.4619,0.043022,-0.013046,0.002502,,0.010038,1.002515,RANGE,,,,,NO_POSITION,NO_POSITION,,,,NO_POSITION,NEUTRAL,0.0,LOW,NEUTRAL,False,0.0,0.0,0.0,0.0,0.06
2026-02-26,NIFTY,25496.55,25584.09,25607.915,,,50.1757,279.5698,26145.9763,25069.8537,0.042023,0.001658,0.006947,,0.009993,0.697955,RANGE,,,,,NO_POSITION,NO_POSITION,,,,NO_POSITION,NEUTRAL,0.0,LOW,NEUTRAL,False,0.0,0.0,0.0,0.0,-1.25
2026-02-27,NIFTY,25178.65,25554.845,25625.575,,,43.4779,284.9756,26075.7593,25175.3907,0.035136,-0.015353,0.014227,,0.009354,1.014093,RANGE,,,,,NO_POSITION,NO_POSITION,,,,NO_POSITION,NEUTRAL,0.0,LOW,NEUTRAL,False,0.0,0.0,0.0,0.0,-1.24
2026-03-02,NIFTY,24865.7,25473.14,25614.44,,,38.0878,305.7023,26124.2836,25104.5964,0.039809,-0.032952,-0.008877,,0.009494,1.554419,RANGE,,,,,CALL,CALL,,,,CALL,BULLISH,40.0,LOW,NEUTRAL,False,15.0,10.0,10.0,10.0,-1.55
2026-03-04,NIFTY,24480.5,25348.65,25552.0875,,,32.7121,323.8879,26258.4829,24845.6921,0.055291,-0.037135,-0.048471,,0.007903,1.914621,RANGE,,,,,CALL,CALL,,,,CALL,BULLISH,40.0,LOW,NEUTRAL,False,15.0,10.0,10.0,10.0,1.17
2026-03-05,NIFTY,24765.9,25243.305,25501.5825,,,39.5228,327.4459,26277.7153,24725.4497,0.060869,-0.028121,-0.039188,,0.008467,1.352206,RANGE,,,,,NO_POSITION,CALL,,,,CALL,BULLISH,32.0,LOW,NEUTRAL,False,10.0,7.0,10.0,10.0,-1.27
2026-03-06,NIFTY,24450.45,25142.915,25441.965,,,35.2731,329.0676,26339.268,24544.662,0.070537,-0.041029,-0.046498,,0.008781,1.024855,RANGE,,,,,CALL,CALL,,,,CALL,BULLISH,34.0,LOW,NEUTRAL,False,15.0,4.0,10.0,10.0,-1.73
2026-03-09,NIFTY,24028.05,24988.595,25358.6825,,,30.538,359.3235,26437.833,24279.532,0.085111,-0.045697,-0.064827,,0.009321,1.900546,RANGE,,,,,CALL,CALL,,,,CALL,BULLISH,40.0,LOW,NEUTRAL,False,15.0,10.0,10.0,10.0,0.97
2026-03-10,NIFTY,24261.6,24843.455,25278.3975,,,35.6793,353.3539,26430.6833,24126.1117,0.091168,-0.024295,-0.062075,,0.009511,1.143187,RANGE,,,,,NO_POSITION,CALL,,,,CALL,BULLISH,32.0,LOW,NEUTRAL,False,10.0,7.0,10.0,10.0,-1.63
2026-03-11,NIFTY,23866.85,24687.675,25174.9825,,,31.4431,361.3072,26438.7912,23911.1738,0.100402,-0.025067,-0.079749,,0.00984,1.249223,RANGE,,,,,CALL,CALL,,,,CALL,BULLISH,37.0,LOW,NEUTRAL,False,15.0,7.0,10.0,10.0,-0.95
2026-03-12,NIFTY,23639.15,24503.34,25059.2475,,,29.2833,357.6817,26435.4973,23682.9977,0.10984,-0.045496,-0.089185,,0.009842,1.327871,RANGE,,,,,CALL,CALL,,,,CALL,BULLISH,42.0,LOW,NEUTRAL,False,20.0,7.0,10.0,10.0,-2.06
2026-03-13,NIFTY,23151.1,24268.795,24926.4425,25358.11,,25.2758,369.7866,26488.4392,23364.4458,0.125328,-0.053142,-0.102921,,0.010476,1.659502,TREND_DOWN,CALL,PUT,,,,,PUT,,,PUT,BEARISH,46.0,LOW,NEUTRAL,False,15.0,10.0,10.0,8.0,1.11
2026-03-16,NIFTY,23408.8,24091.81,24823.3275,25303.355,,30.671,382.4268,26496.2352,23150.4198,0.134785,-0.025772,-0.080966,,0.010929,1.544659,RANGE,,,,,NO_POSITION,CALL,,,,CALL,BULLISH,40.0,LOW,NEUTRAL,False,10.0,10.0,10.0,10.0,0.74
2026-03-17,NIFTY,23581.15,23963.355,24718.2475,25248.407,,34.098,377.2678,26425.682,23010.813,0.138152,-0.028046,-0.081829,,0.010874,1.012543,RANGE,,,,,NO_POSITION,CALL,,,,CALL,BULLISH,34.0,LOW,NEUTRAL,False,10.0,4.0,10.0,10.0,0.83
2026-03-18,NIFTY,23777.8,23893.085,24620.8675,25198.957,,37.8717,370.3986,26309.4818,22932.2532,0.137169,-0.003731,-0.075707,,0.011163,0.899827,RANGE,,,,,NO_POSITION,CALL,,,,CALL,BULLISH,34.0,LOW,NEUTRAL,False,10.0,4.0,10.0,10.0,-3.26
2026-03-19,NIFTY,23002.15,23716.71,24480.0075,25135.426,,30.4623,404.4737,26214.6052,22745.4098,0.141715,-0.026947,-0.109112,,0.012715,1.186319,TREND_DOWN,NO_POSITION,PUT,,,,,NO_POSITION,,,PUT,BEARISH,48.0,LOW,NEUTRAL,False,20.0,7.0,10.0,8.0,0.49
2026-03-20,NIFTY,23114.5,23583.115,24363.015,25074.901,,32.5216,400.0828,26134.2106,22591.8194,0.1454,-0.001581,-0.091923,,0.012761,1.11035,TREND_DOWN,NO_POSITION,PUT,,,,,NO_POSITION,,,PUT,BEARISH,53.0,LOW,NEUTRAL,False,25.0,7.0,10.0,8.0,-2.6
2026-03-23,NIFTY,22512.65,23431.575,24210.085,25007.617,,27.7761,417.4519,26063.8345,22356.3355,0.153139,-0.038283,-0.119611,,0.013405,1.081747,TREND_DOWN,NO_POSITION,PUT,,,,,PUT,,,PUT,BEARISH,45.0,LOW,NEUTRAL,False,20.0,4.0,10.0,8.0,1.78
2026-03-24,NIFTY,22912.4,23296.655,24070.055,24952.199,,34.602,426.5374,25870.8882,22269.2218,0.149633,-0.02836,-0.108918,,0.014224,1.315641,TREND_DOWN,NO_POSITION,PUT,,,,,NO_POSITION,,,PUT,BEARISH,53.0,LOW,NEUTRAL,False,25.0,7.0,10.0,8.0,1.72
2026-03-25,NIFTY,23306.45,23240.615,23964.145,24902.523,,40.565,435.5669,25681.0508,22247.2392,0.14329,-0.019823,-0.083313,,0.015035,1.101443,RANGE,,,,,NO_POSITION,NO_POSITION,,,,NO_POSITION,NEUTRAL,0.0,LOW,NEUTRAL,False,0.0,0.0,0.0,0.0,-2.09
2026-03-27,NIFTY,22819.6,23158.66,23831.0,24844.269,,36.1761,440.305,25467.3897,22194.6103,0.137333,-0.007936,-0.104499,,0.015395,1.237885,RANGE,,,,,NO_POSITION,CALL,,,,CALL,BULLISH,37.0,LOW,NEUTRAL,False,10.0,7.0,10.0,10.0,-2.14
2026-03-30,NIFTY,22331.4,23076.69,23672.7425,24777.585,,32.3915,447.1225,25245.1732,22100.3118,0.132847,-0.033879,-0.12414,,0.015728,0.882484,RANGE,,,,,NO_POSITION,CALL,,,,CALL,BULLISH,34.0,LOW,NEUTRAL,False,10.0,4.0,10.0,10.0,1.56
2026-04-01,NIFTY,22679.4,23003.75,23547.78,24717.286,,37.4175,458.7494,25015.3869,22080.1731,0.124649,0.007407,-0.099261,-0.132604,0.016403,0.975633,RANGE,,,,,NO_POSITION,CALL,,,,CALL,BULLISH,34.0,LOW,NEUTRAL,False,10.0,4.0,10.0,10.0,0.15
2026-04-02,NIFTY,22713.1,22916.945,23440.15,24659.838,,37.8989,468.8209,24818.3694,22061.9306,0.117595,-0.008698,-0.086569,-0.137321,0.01637,0.97511,RANGE,,,,,NO_POSITION,CALL,,,,CALL,BULLISH,34.0,LOW,NEUTRAL,False,10.0,4.0,10.0,10.0,1.12
2026-04-06,NIFTY,22968.25,22835.99,23364.5375,24614.553,,41.5644,467.8623,24670.1761,22058.8989,0.111762,-0.014511,-0.061774,-0.125029,0.016506,0.871106,RANGE,,,,,NO_POSITION,NO_POSITION,,,,NO_POSITION,NEUTRAL,0.0,LOW,NEUTRAL,False,0.0,0.0,0.0,0.0,0.68
2026-04-07,NIFTY,23123.65,22848.14,23282.425,24573.876,,43.7423,465.4828,24421.0927,22143.7573,0.097814,0.013324,-0.066311,-0.1167,0.016312,0.823149,RANGE,,,,,NO_POSITION,NO_POSITION,,,,NO_POSITION,NEUTRAL,0.0,LOW,NEUTRAL,False,0.0,0.0,0.0,0.0,3.78
2026-04-08,NIFTY,23997.35,22936.425,23259.77,24548.025,,54.1003,496.6269,24319.9013,22199.6387,0.091156,0.074601,-0.018531,-0.081995,0.018534,0.894955,RANGE,,,,,NO_POSITION,NO_POSITION,,,,NO_POSITION,NEUTRAL,0.0,LOW,NEUTRAL,False,0.0,0.0,0.0,0.0,-0.93
2026-04-09,NIFTY,23775.1,23062.67,23247.1225,24522.554,,51.5026,483.6214,24275.8599,22218.3851,0.088504,0.048313,-0.010527,-0.081221,0.018242,0.662673,RANGE,,,,,NO_POSITION,NO_POSITION,,,,NO_POSITION,NEUTRAL,0.0,LOW,NEUTRAL,False,0.0,0.0,0.0,0.0,1.16
2026-04-10,NIFTY,24050.6,23176.49,23236.5725,24500.058,,54.424,470.4306,24227.0965,22246.0485,0.085256,0.058887,-0.008697,-0.06357,0.018301,0.627739,RANGE,,,,,NO_POSITION,NO_POSITION,,,,NO_POSITION,NEUTRAL,0.0,LOW,NEUTRAL,False,0.0,0.0,0.0,0.0,-0.86
2026-04-13,NIFTY,23842.65,23230.11,23235.3625,24470.056,,51.8835,472.1856,24222.8583,22247.8667,0.084999,0.03807,-0.001014,-0.075517,0.018028,0.644566,RANGE,,,,,NO_POSITION,NO_POSITION,,,,NO_POSITION,NEUTRAL,0.0,LOW,NEUTRAL,False,0.0,0.0,0.0,0.0,1.63
2026-04-15,NIFTY,24231.3,23371.28,23264.97,24446.304,,56.016,469.7616,24331.4647,22198.4753,0.091682,0.047901,0.02505,-0.058331,0.018225,0.514854,RANGE,,,,,NO_POSITION,NO_POSITION,,,,NO_POSITION,NEUTRAL,0.0,LOW,NEUTRAL,False,0.0,0.0,0.0,0.0,-0.14
2026-04-16,NIFTY,24196.75,23557.815,23317.2525,24423.826,,55.5591,457.5036,24456.3428,22178.1622,0.097704,0.008309,0.045166,-0.05723,0.017494,0.567839,RANGE,,,,,NO_POSITION,NO_POSITION,,,,NO_POSITION,NEUTRAL,0.0,LOW,NEUTRAL,False,0.0,0.0,0.0,0.0,0.65
2026-04-17,NIFTY,24353.55,23725.23,23364.49,24414.388,,57.2626,444.5284,24589.9317,22139.0483,0.104898,0.02433,0.040359,-0.052183,0.017402,0.449909,RANGE,,,,,NO_POSITION,NO_POSITION,,,,NO_POSITION,NEUTRAL,0.0,LOW,NEUTRAL,False,0.0,0.0,0.0,0.0,0.05
2026-04-20,NIFTY,24364.85,23890.405,23403.675,24399.917,,57.3893,429.8763,24702.2593,22105.0907,0.110973,0.013066,0.033234,-0.047709,0.017361,0.605655,RANGE,,,,,NO_POSITION,NO_POSITION,,,,NO_POSITION,NEUTRAL,0.0,LOW,NEUTRAL,False,0.0,0.0,0.0,0.0,0.87
2026-04-21,NIFTY,24576.6,24051.24,23443.615,24376.898,,59.7957,416.7995,24831.8142,22055.4158,0.118429,0.030783,0.033594,-0.025994,0.017368,0.504685,RANGE,,,,,NO_POSITION,NO_POSITION,,,,NO_POSITION,NEUTRAL,0.0,LOW,NEUTRAL,False,0.0,0.0,0.0,0.0,-0.81
2026-04-22,NIFTY,24378.1,24176.685,23512.4125,24348.94,,56.5705,403.0066,24942.0414,22082.7836,0.121606,0.006058,0.059818,-0.030981,0.015584,0.481019,RANGE,,,,,NO_POSITION,NO_POSITION,,,,NO_POSITION,NEUTRAL,0.0,LOW,NEUTRAL,False,0.0,0.0,0.0,0.0,-0.84
2026-04-23,NIFTY,24173.05,24194.255,23565.34,24319.545,,53.3682,391.599,25010.4196,22120.2604,0.122644,-0.000979,0.045796,-0.044162,0.015783,0.767122,RANGE,,,,,NO_POSITION,NO_POSITION,,,,NO_POSITION,NEUTRAL,0.0,LOW,NEUTRAL,False,0.0,0.0,0.0,0.0,-1.14
2026-04-24,NIFTY,23897.95,24206.54,23634.605,24283.63,,49.3334,391.6527,25001.9233,22267.2867,0.115705,-0.018708,0.061534,-0.045939,0.014697,0.868811,RANGE,,,,,NO_POSITION,NO_POSITION,,,,NO_POSITION,NEUTRAL,0.0,LOW,NEUTRAL,False,0.0,0.0,0.0,0.0,0.81
2026-04-27,NIFTY,24092.7,24210.75,23693.62,24248.138,,52.0946,380.3025,25032.7549,22354.4851,0.113038,-0.01117,0.051514,-0.043006,0.014346,1.030766,RANGE,,,,,NO_POSITION,NO_POSITION,,,,NO_POSITION,NEUTRAL,0.0,LOW,NEUTRAL,False,0.0,0.0,0.0,0.0,-0.4
2026-04-28,NIFTY,23995.7,24226.055,23728.0825,24209.349,,50.615,369.1916,25061.0499,22395.1151,0.112354,-0.023636,0.029573,-0.053153,0.013991,0.600975,RANGE,,,,,NO_POSITION,NO_POSITION,,,,NO_POSITION,NEUTRAL,0.0,LOW,NEUTRAL,False,0.0,0.0,0.0,0.0,0.76
2026-04-29,NIFTY,24177.65,24220.69,23795.985,24173.825,,53.2946,367.035,25074.1529,22517.8171,0.107427,-0.008223,0.059512,-0.048832,0.013001,0.979946,RANGE,,,,,NO_POSITION,NO_POSITION,,,,NO_POSITION,NEUTRAL,0.0,LOW,NEUTRAL,False,0.0,0.0,0.0,0.0,-0.74
2026-04-30,NIFTY,23997.55,24200.77,23879.2925,24137.632,,50.3806,368.0183,24967.9047,22790.6803,0.091176,-0.00726,0.07461,-0.052254,0.011957,1.095597,RANGE,,,,,NO_POSITION,NO_POSITION,,,,NO_POSITION,NEUTRAL,0.0,LOW,NEUTRAL,False,0.0,0.0,0.0,0.0,0.51
2026-05-04,NIFTY,24119.3,24177.345,23951.2875,24110.596,,52.2802,362.6348,24893.5802,23008.9948,0.078684,0.009262,0.063489,-0.028445,0.011632,0.87607,RANGE,,,,,NO_POSITION,NO_POSITION,,,,NO_POSITION,NEUTRAL,0.0,LOW,NEUTRAL,False,0.0,0.0,0.0,0.0,-0.36
2026-05-05,NIFTY,24032.8,24144.14,24017.2725,24077.597,,50.7924,353.6787,24769.0748,23265.4702,0.062605,-0.002486,0.058103,-0.042075,0.011726,0.796814,RANGE,,,,,NO_POSITION,NO_POSITION,,,,NO_POSITION,NEUTRAL,0.0,LOW,NEUTRAL,False,0.0,0.0,0.0,0.0,1.24
2026-05-06,NIFTY,24330.95,24119.575,24085.4075,24049.708,,55.4937,354.0303,24673.8175,23496.9975,0.04886,0.013971,0.05933,-0.054284,0.011772,1.251432,RANGE,,,,,NO_POSITION,NO_POSITION,,,,NO_POSITION,NEUTRAL,0.0,LOW,NEUTRAL,False,0.0,0.0,0.0,0.0,-0.02
2026-05-07,NIFTY,24326.65,24114.43,24145.5575,24019.854,,55.4115,342.8924,24543.5503,23747.5647,0.032966,0.006163,0.052025,-0.056229,0.011756,0.865529,RANGE,,,,,NO_POSITION,NO_POSITION,,,,NO_POSITION,NEUTRAL,0.0,LOW,NEUTRAL,False,0.0,0.0,0.0,0.0,-0.62
2026-05-08,NIFTY,24176.15,24114.74,24154.4975,23994.29,,52.4805,332.6858,24546.7636,23762.2314,0.03248,0.007442,0.007451,-0.057195,0.008488,0.808792,RANGE,,,,,NO_POSITION,NO_POSITION,,,,NO_POSITION,NEUTRAL,0.0,LOW,NEUTRAL,False,0.0,0.0,0.0,0.0,-1.49
2026-05-11,NIFTY,23815.85,24106.53,24156.535,23959.182,,46.1826,335.8547,24541.2479,23771.8221,0.031852,-0.012581,0.001714,-0.073086,0.00891,0.996471,RANGE,,,,,NO_POSITION,NO_POSITION,,,,NO_POSITION,NEUTRAL,0.0,LOW,NEUTRAL,False,0.0,0.0,0.0,0.0,-1.83
2026-05-12,NIFTY,23379.55,24035.215,24122.9825,23912.513,,39.9332,345.2543,24634.8395,23611.1255,0.042437,-0.027182,-0.027902,-0.096174,0.009381,1.204786,RANGE,,,,,CALL,CALL,,,,CALL,BULLISH,42.0,LOW,NEUTRAL,False,15.0,7.0,10.0,10.0,0.14
2026-05-13,NIFTY,23412.6,23976.905,24101.48,23872.272,,40.589,343.479,24689.153,23513.807,0.048767,-0.037744,-0.018037,-0.097264,0.00924,1.007732,RANGE,,,,,CALL,NO_POSITION,,,,NO_POSITION,NEUTRAL,0.0,LOW,NEUTRAL,False,0.0,0.0,0.0,0.0,1.18
2026-05-14,NIFTY,23689.6,23928.1,24074.395,23836.414,,45.9187,344.9877,24685.1188,23463.6712,0.050736,-0.026187,-0.022355,-0.087241,0.008848,1.151305,RANGE,,,,,NO_POSITION,NO_POSITION,,,,NO_POSITION,NEUTRAL,0.0,LOW,NEUTRAL,False,0.0,0.0,0.0,0.0,-0.19
2026-05-15,NIFTY,23643.5,23892.695,24046.7325,23799.353,24613.1689,45.1921,336.7028,24682.3918,23411.0732,0.052869,-0.022032,-0.022865,-0.083841,0.00885,1.061816,RANGE,,,,,NO_POSITION,NO_POSITION,,,,NO_POSITION,NEUTRAL,0.0,LOW,NEUTRAL,False,0.0,0.0,0.0,0.0,0.0
2026-05-18,NIFTY,23644.45,23845.21,24011.2775,23768.669,24585.3678,45.2113,339.6919,24653.5962,23368.9588,0.053501,-0.007197,-0.029117,-0.071715,0.008674,1.11078,RANGE,,,,,NO_POSITION,NO_POSITION,,,,NO_POSITION,NEUTRAL,0.0,LOW,NEUTRAL,False,0.0,0.0,0.0,0.0,0.08
2026-05-20,NIFTY,23664.15,23808.345,23976.2425,23744.638,24555.7633,45.6375,336.3996,24614.0201,23338.4649,0.053201,0.012173,-0.028759,-0.078598,0.008679,0.723145,RANGE,,,,,NO_POSITION,NO_POSITION,,,,NO_POSITION,NEUTRAL,0.0,LOW,NEUTRAL,False,0.0,0.0,0.0,0.0,-0.04
2026-05-21,NIFTY,23654.7,23740.72,23930.1475,23728.122,24526.9233,45.4549,331.1782,24519.0901,23341.2049,0.049222,0.010341,-0.037511,-0.080492,0.008353,1.009324,RANGE,,,,,NO_POSITION,NO_POSITION,,,,NO_POSITION,NEUTRAL,0.0,LOW,NEUTRAL,False,0.0,0.0,0.0,0.0,0.27
2026-05-22,NIFTY,23719.3,23679.985,23897.2075,23707.19,24499.5967,47.016,320.4476,24455.1253,23339.2897,0.046693,0.001254,-0.027024,-0.081336,0.00828,1.130284,RANGE,,,,,NO_POSITION,NO_POSITION,,,,NO_POSITION,NEUTRAL,0.0,LOW,NEUTRAL,False,0.0,0.0,0.0,0.0,1.32
2026-05-25,NIFTY,24031.7,23665.54,23890.14,23698.815,24476.1628,53.8892,321.4978,24437.3806,23342.8994,0.045813,0.016419,-0.005847,-0.05589,0.008705,0.957708,RANGE,,,,,NO_POSITION,NO_POSITION,,,,NO_POSITION,NEUTRAL,0.0,LOW,NEUTRAL,False,0.0,0.0,0.0,0.0,-0.49
2026-05-26,NIFTY,23913.7,23675.325,23890.9275,23696.528,24454.35,51.1881,313.1301,24438.2561,23343.5989,0.045819,0.011387,0.000659,-0.064821,0.008385,0.659329,RANGE,,,,,NO_POSITION,NO_POSITION,,,,NO_POSITION,NEUTRAL,0.0,LOW,NEUTRAL,False,0.0,0.0,0.0,0.0,-0.03
2026-05-27,NIFTY,23907.15,23728.085,23881.65,23689.439,24434.615,51.0352,299.6887,24421.2189,23342.0811,0.045187,0.010269,-0.007702,-0.070231,0.008166,0.602335,RANGE,,,,,NO_POSITION,NO_POSITION,,,,NO_POSITION,NEUTRAL,0.0,LOW,NEUTRAL,False,0.0,0.0,0.0,0.0,-1.5
2026-05-29,NIFTY,23547.75,23741.6,23859.2525,23683.057,24409.6983,43.378,315.2859,24414.9721,23303.5329,0.046583,-0.004521,-0.018668,-0.073822,0.008775,1.726559,RANGE,,,,,NO_POSITION,NO_POSITION,,,,NO_POSITION,NEUTRAL,0.0,LOW,NEUTRAL,False,0.0,0.0,0.0,0.0,-0.7
2026-06-01,NIFTY,23382.6,23710.9,23819.5,23677.926,24383.5906,40.3799,319.6048,24391.9224,23247.0776,0.048063,-0.014195,-0.032884,-0.082406,0.008637,0.972028,RANGE,,,,,NO_POSITION,NO_POSITION,,,,NO_POSITION,NEUTRAL,0.0,LOW,NEUTRAL,False,0.0,0.0,0.0,0.0,0.6
2026-06-02,NIFTY,23523.3,23698.88,23795.7875,23685.37,24359.7872,43.9351,320.1901,24375.9813,23215.5937,0.048764,-0.021155,-0.019762,-0.077393,0.008685,1.152494,RANGE,,,,,NO_POSITION,NO_POSITION,,,,NO_POSITION,NEUTRAL,0.0,LOW,NEUTRAL,False,0.0,0.0,0.0,0.0,-0.54
2026-06-03,NIFTY,23396.95,23674.13,23759.67,23685.133,24334.2606,41.5396,323.8766,24344.7248,23174.6152,0.049248,-0.021609,-0.029949,-0.070762,0.008617,1.638443,RANGE,,,,,NO_POSITION,NO_POSITION,,,,NO_POSITION,NEUTRAL,0.0,LOW,NEUTRAL,False,0.0,0.0,0.0,0.0,0.18
2026-06-04,NIFTY,23438.0,23651.515,23729.93,23682.27,24310.3994,42.634,316.314,24316.893,23142.967,0.04947,-0.019624,-0.02475,-0.057416,0.008631,0.827278,RANGE,,,,,NO_POSITION,NO_POSITION,,,,NO_POSITION,NEUTRAL,0.0,LOW,NEUTRAL,False,0.0,0.0,0.0,0.0,-0.3
2026-06-05,NIFTY,23368.85,23622.93,23681.825,23674.091,24289.6922,41.2336,310.413,24219.5051,23144.1449,0.045409,-0.007597,-0.039542,-0.04541,0.008016,0.98836,RANGE,,,,,NO_POSITION,NO_POSITION,,,,NO_POSITION,NEUTRAL,0.0,LOW,NEUTRAL,False,0.0,0.0,0.0,0.0,-1.05
2026-06-08,NIFTY,23123.0,23563.3,23621.6425,23676.508,24267.0867,36.6275,309.5763,24125.5368,23117.7482,0.042664,-0.011102,-0.049479,-0.066337,0.008225,0.949199,RANGE,,,,,NO_POSITION,CALL,,,,CALL,BULLISH,34.0,LOW,NEUTRAL,False,10.0,4.0,10.0,10.0,0.58
2026-06-09,NIFTY,23257.75,23485.905,23575.7225,23679.373,24244.5072,40.5476,299.9602,24034.4846,23116.9604,0.038918,-0.011289,-0.037988,-0.04878,0.008379,0.742299,RANGE,,,,,NO_POSITION,NO_POSITION,,,,NO_POSITION,NEUTRAL,0.0,LOW,NEUTRAL,False,0.0,0.0,0.0,0.0,-0.18
2026-06-10,NIFTY,23216.1,23416.145,23545.735,23693.442,24224.1456,39.7296,295.7309,24016.0531,23075.4169,0.039949,-0.00773,-0.025183,-0.033792,0.007801,0.683055,RANGE,,,,,NO_POSITION,CALL,,,,CALL,BULLISH,30.0,LOW,NEUTRAL,False,10.0,0.0,10.0,10.0,-0.13
2026-06-11,NIFTY,23186.55,23344.085,23536.085,23698.925,24202.0472,39.1264,292.8501,24027.1103,23045.0597,0.041725,-0.010728,-0.008255,-0.044311,0.006689,0.80112,RANGE,,,,,NO_POSITION,CALL,,,,CALL,BULLISH,34.0,LOW,NEUTRAL,False,10.0,4.0,10.0,10.0,1.92
2026-06-12,NIFTY,23631.75,23352.485,23547.0425,23705.431,24183.0361,51.157,304.7036,24036.3341,23057.7509,0.041559,0.01125,0.00936,-0.00985,0.007997,1.401258,RANGE,,,,,NO_POSITION,NO_POSITION,,,,NO_POSITION,NEUTRAL,0.0,LOW,NEUTRAL,False,0.0,0.0,0.0,0.0,0.95
2026-06-15,NIFTY,23856.55,23399.88,23555.39,23726.17,24165.6767,55.8967,310.057,24059.5943,23051.1857,0.04281,0.031724,0.007047,0.009197,0.007839,0.925474,RANGE,,,,,NO_POSITION,NO_POSITION,,,,NO_POSITION,NEUTRAL,0.0,LOW,NEUTRAL,False,0.0,0.0,0.0,0.0,0.58
2026-06-16,NIFTY,23995.0,23447.05,23572.965,23759.442,,58.6069,298.4453,24111.5606,23034.3694,0.045696,0.031699,0.014867,0.036452,0.007909,0.65763,RANGE,,,,,NO_POSITION,NO_POSITION,,,,NO_POSITION,NEUTRAL,0.0,LOW,NEUTRAL,False,0.0,0.0,0.0,0.0,
