date,underlying,close,ma10,ma20,ma50,ma90,rsi14,atr14,bb_upper,bb_lower,bb_width,ret_5d,ret_10d,ret_20d,ret_60d,volatility_10d,volatility_20d,volume_10d,volume_20d,regime,regime_source,db_regime,expected_regime_lag2,hindsight_regime,hindsight_regime_lookahead_days,hindsight_regime_forward_return,hindsight_regime_forward_efficiency,hindsight_regime_realized_range,regime_match,BollingerMeanReversion,MaTrend_001,RsiMeanReversion_6040,choppy,rangeBollingerMeanReversion,rangeRsiMeanReversion_6040,trendDownRangeBreakout,trendUpRangeBreakout,unknown,raw_signal,direction,strength_score,confidence,option_bias,is_option_eligible,stock_technical_score,volume_confirmation_score,risk_quality_score,regime_quality_score,next_day_close_chg_pct
2025-06-23,NIFTY,24971.9,24934.195,24862.0675,24520.704,23787.79,55.0746,261.393,25192.4596,24531.6754,0.026578,0.001018,-0.00523,-0.00117,0.055522,0.007046,0.006235,81389.5,85063.75,RANGE,regime_experiment_current,RANGE,,RANGE,10,0.019598,0.487499,0.033818,True,,,,,NO_POSITION,NO_POSITION,,,,NO_POSITION,NEUTRAL,0.0,LOW,NEUTRAL,False,0.0,0.0,0.0,0.0,0.29
2025-06-24,NIFTY,25044.35,24928.205,24872.975,24573.608,23804.2833,56.7141,267.4102,25212.1964,24533.7536,0.027276,0.007683,-0.002386,0.008787,0.058123,0.007128,0.006043,90843.5,84828.45,RANGE,regime_experiment_current,RANGE,,RANGE,10,0.019092,0.48169,0.026739,True,,,,,NO_POSITION,NO_POSITION,,,,NO_POSITION,NEUTRAL,0.0,LOW,NEUTRAL,False,0.0,0.0,0.0,0.0,0.8
2025-06-25,NIFTY,25244.75,24938.54,24897.59,24621.932,23824.985,60.9615,264.2029,25268.2457,24526.9343,0.029774,0.017439,0.004111,0.019889,0.074846,0.007584,0.006212,91838.2,84512.25,RANGE,regime_experiment_current,RANGE,RANGE,RANGE,10,0.009164,0.27586,0.021561,True,,,,,NO_POSITION,PUT,,,,PUT,BEARISH,30.0,LOW,NEUTRAL,False,10.0,0.0,10.0,10.0,1.21
2025-06-26,NIFTY,25549.0,25004.62,24933.36,24666.341,23852.5094,66.3164,268.2572,25398.4575,24468.2625,0.037307,0.030482,0.026551,0.028808,0.082954,0.007403,0.006673,87490.0,84254.45,RANGE,regime_experiment_current,RANGE,RANGE,RANGE,10,-0.007583,0.295689,0.016026,True,,,,,PUT,PUT,,,,PUT,BEARISH,35.0,LOW,NEUTRAL,False,15.0,0.0,10.0,10.0,0.35
2025-06-27,NIFTY,25637.8,25096.54,24977.715,24710.353,23881.3156,67.7019,258.3931,25526.3683,24429.0617,0.043931,0.020922,0.037187,0.035841,0.090073,0.006615,0.00659,84591.4,83828.05,RANGE,regime_experiment_current,RANGE,RANGE,RANGE,10,-0.019032,0.632182,0.021076,True,,,,,PUT,PUT,,,,PUT,BEARISH,35.0,LOW,NEUTRAL,False,15.0,0.0,10.0,10.0,-0.47
2025-06-30,NIFTY,25517.05,25153.595,25017.7375,24743.661,23908.9339,63.8488,253.9837,25600.1064,24435.3686,0.046556,0.021831,0.022871,0.032385,0.101501,0.006783,0.006715,85203.6,83929.0,RANGE,regime_experiment_current,RANGE,RANGE,RANGE,10,-0.017038,0.604954,0.026155,True,,,,,NO_POSITION,PUT,,,,PUT,BEARISH,30.0,LOW,NEUTRAL,False,10.0,0.0,10.0,10.0,0.1
2025-07-01,NIFTY,25541.8,25222.435,25067.7025,24771.986,23937.9622,64.296,242.3323,25649.8757,24485.5293,0.046448,0.019863,0.027698,0.040717,0.094695,0.006475,0.006403,83639.7,80920.2,RANGE,regime_experiment_current,RANGE,RANGE,RANGE,10,-0.013546,0.428536,0.023732,True,,,,,NO_POSITION,PUT,,,,PUT,BEARISH,30.0,LOW,NEUTRAL,False,10.0,0.0,10.0,10.0,-0.35
2025-07-02,NIFTY,25453.4,25286.57,25109.3625,24797.709,23965.6722,61.3371,241.4185,25676.5346,24542.1904,0.045176,0.008265,0.025848,0.033842,0.094765,0.006635,0.006511,83915.0,82184.3,RANGE,regime_experiment_current,RANGE,RANGE,RANGE,10,-0.009482,0.328256,0.023814,True,,,,,NO_POSITION,PUT,,,,PUT,BEARISH,30.0,LOW,NEUTRAL,False,10.0,0.0,10.0,10.0,-0.19
2025-07-03,NIFTY,25405.3,25347.775,25142.0825,24819.236,23993.0056,59.7363,238.6755,25698.1568,24586.0082,0.044235,-0.005624,0.024686,0.026439,0.109186,0.006707,0.006499,87300.0,81337.75,RANGE,regime_experiment_current,RANGE,RANGE,RANGE,10,-0.011566,0.373024,0.023048,True,,,,,NO_POSITION,NO_POSITION,,,,NO_POSITION,NEUTRAL,0.0,LOW,NEUTRAL,False,0.0,0.0,0.0,0.0,0.22
2025-07-04,NIFTY,25461.0,25382.635,25164.98,24843.522,24021.0956,60.991,231.5363,25733.8359,24596.1241,0.04521,-0.006896,0.013882,0.018316,0.148879,0.005629,0.006162,82726.3,78808.75,TREND_UP,regime_experiment_current,TREND_UP,RANGE,RANGE,10,-0.019347,0.562907,0.024746,False,NO_POSITION,CALL,,,,,,NO_POSITION,,CALL,BULLISH,46.0,LOW,NEUTRAL,False,25.0,0.0,10.0,8.0,0.0
2025-07-07,NIFTY,25461.3,25431.575,25182.885,24871.961,24049.4083,61.0293,220.8992,25765.2186,24600.5514,0.046248,-0.002185,0.019598,0.014265,0.129813,0.005111,0.006122,75813.0,78601.25,TREND_UP,regime_experiment_current,TREND_UP,RANGE,RANGE,10,-0.014555,0.371678,0.026173,False,NO_POSITION,CALL,,,,,,NO_POSITION,,CALL,BULLISH,46.0,LOW,NEUTRAL,False,25.0,0.0,10.0,8.0,0.24
2025-07-08,NIFTY,25522.5,25479.39,25203.7975,24895.841,24079.7039,62.5355,213.9478,25803.1255,24604.4695,0.047559,-0.000756,0.019092,0.016661,0.139441,0.005103,0.006131,65670.1,78256.8,TREND_UP,regime_experiment_current,TREND_UP,RANGE,RANGE,10,-0.018086,0.477995,0.02611,False,NO_POSITION,CALL,,,,,,NO_POSITION,,CALL,BULLISH,46.0,LOW,NEUTRAL,False,25.0,0.0,10.0,8.0,-0.18
2025-07-09,NIFTY,25476.1,25502.525,25220.5325,24918.644,24112.1789,60.6224,207.5502,25830.5529,24610.5121,0.048375,0.000892,0.009164,0.013313,0.115975,0.00473,0.006157,63086.1,77462.15,TREND_UP,regime_experiment_current,TREND_UP,RANGE,RANGE,10,-0.010056,0.237596,0.026158,False,NO_POSITION,CALL,,,,,,NO_POSITION,,CALL,BULLISH,46.0,LOW,NEUTRAL,False,25.0,0.0,10.0,8.0,-0.47
2025-07-10,NIFTY,25355.25,25483.15,25243.885,24939.065,24143.3756,55.8105,205.8351,25836.7461,24651.0239,0.046971,-0.00197,-0.007583,0.018766,0.086876,0.003008,0.00577,62113.9,74801.95,RANGE,regime_experiment_current,RANGE,RANGE,RANGE,10,-0.011562,0.262856,0.02531,True,,,,,NO_POSITION,NO_POSITION,,,,NO_POSITION,NEUTRAL,0.0,LOW,NEUTRAL,False,0.0,0.0,0.0,0.0,-0.81
2025-07-11,NIFTY,25149.85,25434.355,25265.4475,24955.128,24172.3178,48.7649,207.303,25809.6976,24721.1974,0.043083,-0.012221,-0.019032,0.017446,0.073074,0.0034,0.005868,63407.2,73999.3,RANGE,regime_experiment_current,RANGE,RANGE,RANGE,10,-0.012439,0.275651,0.020521,True,,,,,NO_POSITION,NO_POSITION,,,,NO_POSITION,NEUTRAL,0.0,LOW,NEUTRAL,False,0.0,0.0,0.0,0.0,-0.27
2025-07-14,NIFTY,25082.3,25390.88,25272.2375,24967.551,24205.18,46.6438,203.1531,25803.6384,24740.8366,0.042054,-0.014885,-0.017038,0.005444,0.051596,0.003273,0.005574,60534.9,72869.25,RANGE,regime_experiment_current,RANGE,RANGE,RANGE,10,-0.016003,0.328075,0.024268,True,,,,,NO_POSITION,NO_POSITION,,,,NO_POSITION,NEUTRAL,0.0,LOW,NEUTRAL,False,0.0,0.0,0.0,0.0,0.45
2025-07-15,NIFTY,25195.8,25356.28,25289.3575,24983.875,24239.3633,50.5153,200.3094,25786.6483,24792.0667,0.039328,-0.0128,-0.013546,0.013777,0.044362,0.003754,0.005566,61446.4,72543.05,RANGE,regime_experiment_current,RANGE,RANGE,RANGE,10,-0.014872,0.299712,0.026064,True,,,,,NO_POSITION,NO_POSITION,,,,NO_POSITION,NEUTRAL,0.0,LOW,NEUTRAL,False,0.0,0.0,0.0,0.0,0.06
2025-07-16,NIFTY,25212.05,25332.145,25309.3575,24999.828,24274.1344,51.0533,195.555,25758.0544,24860.6606,0.035457,-0.010365,-0.009482,0.016121,0.043232,0.003723,0.005539,58403.9,71159.45,RANGE,regime_experiment_current,RANGE,RANGE,RANGE,10,-0.01416,0.281568,0.026047,True,,,,,NO_POSITION,NO_POSITION,,,,NO_POSITION,NEUTRAL,0.0,LOW,NEUTRAL,False,0.0,0.0,0.0,0.0,-0.4
2025-07-17,NIFTY,25111.45,25302.76,25325.2675,25016.581,24304.9583,47.5586,191.3963,25718.811,24931.724,0.031079,-0.009615,-0.011566,0.012834,0.032163,0.00384,0.005633,54754.6,71027.3,RANGE,regime_experiment_current,RANGE,RANGE,RANGE,10,-0.013663,0.273604,0.025791,True,,,,,NO_POSITION,NO_POSITION,,,,NO_POSITION,NEUTRAL,0.0,LOW,NEUTRAL,False,0.0,0.0,0.0,0.0,-0.57
2025-07-18,NIFTY,24968.4,25253.5,25318.0675,25035.789,24331.8883,43.051,193.8806,25731.6826,24904.4524,0.032674,-0.007215,-0.019347,-0.005734,0.029765,0.003885,0.005009,55810.5,69268.4,RANGE,regime_experiment_current,RANGE,RANGE,RANGE,10,-0.016142,0.306747,0.028484,True,,,,,NO_POSITION,NO_POSITION,,,,NO_POSITION,NEUTRAL,0.0,LOW,NEUTRAL,False,0.0,0.0,0.0,0.0,0.49
2025-07-21,NIFTY,25090.7,25216.44,25324.0075,25039.109,24360.0906,47.6388,196.3848,25720.6297,24927.3853,0.031324,0.000335,-0.014555,0.004757,0.043735,0.004428,0.004972,57337.8,66575.4,RANGE,regime_experiment_current,RANGE,RANGE,RANGE,10,-0.014665,0.272747,0.028345,True,,,,,NO_POSITION,NO_POSITION,,,,NO_POSITION,NEUTRAL,0.0,LOW,NEUTRAL,False,0.0,0.0,0.0,0.0,-0.12
2025-07-22,NIFTY,25060.9,25170.28,25324.835,25048.76,24388.9861,46.6638,192.8259,25719.1824,24930.4876,0.031143,-0.005354,-0.018086,0.000661,0.030105,0.004221,0.004941,57445.4,61557.75,RANGE,regime_experiment_current,RANGE,RANGE,RANGE,10,-0.016414,0.295415,0.028379,True,,,,,NO_POSITION,NO_POSITION,,,,NO_POSITION,NEUTRAL,0.0,LOW,NEUTRAL,False,0.0,0.0,0.0,0.0,0.63
2025-07-23,NIFTY,25219.9,25144.66,25323.5925,25059.82,24419.2306,52.298,191.3709,25719.0963,24928.0887,0.031236,0.000311,-0.010056,-0.000984,0.036323,0.004947,0.004813,57949.1,60517.6,RANGE,regime_experiment_current,RANGE,RANGE,TREND_DOWN,10,-0.025603,0.493353,0.0282,False,,,,,NO_POSITION,NO_POSITION,,,,NO_POSITION,NEUTRAL,0.0,LOW,NEUTRAL,False,0.0,0.0,0.0,0.0,-0.63
2025-07-24,NIFTY,25062.1,25115.345,25299.2475,25059.82,24448.0261,46.9972,193.9518,25696.1939,24902.3011,0.03138,-0.001965,-0.011562,-0.019057,0.029913,0.005095,0.004077,57649.1,59881.5,RANGE,regime_experiment_current,RANGE,RANGE,RANGE,10,-0.018592,0.397246,0.035995,True,,,,,NO_POSITION,NO_POSITION,,,,NO_POSITION,NEUTRAL,0.0,LOW,NEUTRAL,False,0.0,0.0,0.0,0.0,-0.9
2025-07-25,NIFTY,24837.0,25084.06,25259.2075,25056.164,24475.135,40.6335,198.3776,25672.6862,24845.7288,0.032739,-0.005263,-0.012439,-0.031235,0.020138,0.005235,0.00431,57227.5,60317.35,RANGE,regime_experiment_current,RANGE,TREND_DOWN,RANGE,10,-0.019072,0.401203,0.027091,True,,,,,CALL,NO_POSITION,,,,NO_POSITION,NEUTRAL,0.0,LOW,NEUTRAL,False,0.0,0.0,0.0,0.0,-0.63
2025-07-28,NIFTY,24680.9,25043.92,25217.4,25050.873,24499.27,36.9075,201.5425,25683.8382,24750.9618,0.036993,-0.016333,-0.016003,-0.032768,0.008984,0.005464,0.004384,57715.6,59125.25,RANGE,regime_experiment_current,RANGE,RANGE,RANGE,10,-0.003884,0.076905,0.02508,True,,,,,CALL,CALL,,,,CALL,BULLISH,35.0,LOW,NEUTRAL,False,15.0,0.0,10.0,10.0,0.57
2025-07-29,NIFTY,24821.1,25006.45,25181.365,25053.617,24521.3456,42.074,204.8779,25653.3122,24709.4178,0.037484,-0.009569,-0.014872,-0.028216,0.018109,0.005618,0.004651,60721.3,61083.85,RANGE,regime_experiment_current,RANGE,RANGE,RANGE,10,-0.013444,0.277206,0.024938,True,,,,,NO_POSITION,NO_POSITION,,,,NO_POSITION,NEUTRAL,0.0,LOW,NEUTRAL,False,0.0,0.0,0.0,0.0,0.14
2025-07-30,NIFTY,24855.05,24970.75,25151.4475,25054.449,24542.9839,43.2478,199.5785,25626.4734,24676.4216,0.037773,-0.014467,-0.01416,-0.023508,0.018049,0.005653,0.004665,63074.9,60739.4,RANGE,regime_experiment_current,RANGE,RANGE,RANGE,10,-0.009483,0.181057,0.024904,True,,,,,NO_POSITION,NO_POSITION,,,,NO_POSITION,NEUTRAL,0.0,LOW,NEUTRAL,False,0.0,0.0,0.0,0.0,-0.35
2025-07-31,NIFTY,24768.35,24936.44,25119.6,25057.622,24560.5139,40.9069,208.258,25607.5109,24631.6891,0.038847,-0.011721,-0.013663,-0.025072,0.020374,0.00563,0.004691,65892.7,60323.65,RANGE,regime_experiment_current,RANGE,RANGE,RANGE,10,-0.005533,0.111691,0.024992,True,,,,,NO_POSITION,NO_POSITION,,,,NO_POSITION,NEUTRAL,0.0,LOW,NEUTRAL,False,0.0,0.0,0.0,0.0,-0.82
2025-08-01,NIFTY,24565.35,24896.135,25074.8175,25051.866,24574.0133,36.0018,211.1877,25592.6621,24556.9729,0.041304,-0.010937,-0.016142,-0.035177,0.023215,0.005893,0.004861,67247.8,61529.15,RANGE,regime_experiment_current,RANGE,RANGE,RANGE,10,0.012685,0.245412,0.027864,True,,,,,NO_POSITION,CALL,,,,CALL,BULLISH,30.0,LOW,NEUTRAL,False,10.0,0.0,10.0,10.0,0.64
2025-08-04,NIFTY,24722.75,24859.34,25037.89,25046.298,24585.84,41.8224,209.1254,25545.4577,24530.3223,0.040544,0.001696,-0.014665,-0.029007,-0.008102,0.006094,0.005184,67332.2,62335.0,RANGE,regime_experiment_current,RANGE,RANGE,RANGE,10,0.010432,0.212089,0.027687,True,,,,,NO_POSITION,NO_POSITION,,,,NO_POSITION,NEUTRAL,0.0,LOW,NEUTRAL,False,0.0,0.0,0.0,0.0,-0.3
2025-08-05,NIFTY,24649.55,24818.205,24994.2425,25042.765,24596.7389,39.9921,204.388,25477.147,24511.338,0.038641,-0.006911,-0.016414,-0.034203,0.002897,0.006111,0.005112,68613.7,63029.55,RANGE,regime_experiment_current,RANGE,RANGE,RANGE,10,0.016268,0.330667,0.030475,True,,,,,NO_POSITION,NO_POSITION,,,,NO_POSITION,NEUTRAL,0.0,LOW,NEUTRAL,False,0.0,0.0,0.0,0.0,-0.31
2025-08-06,NIFTY,24574.2,24753.635,24949.1475,25039.2,24608.8206,38.162,199.2525,25411.6541,24486.6409,0.037076,-0.0113,-0.025603,-0.035402,-0.003758,0.005432,0.005121,68745.3,63347.2,RANGE,regime_experiment_current,RANGE,RANGE,TREND_UP,10,0.020735,0.435308,0.033212,False,,,,,NO_POSITION,CALL,,,,CALL,BULLISH,30.0,LOW,NEUTRAL,False,10.0,0.0,10.0,10.0,0.09
2025-08-07,NIFTY,24596.15,24707.04,24911.1925,25034.451,24619.9783,39.0446,205.7302,25358.5041,24463.8809,0.035912,-0.006952,-0.018592,-0.029939,-0.018592,0.005364,0.005105,72214.6,64931.85,RANGE,regime_experiment_current,RANGE,RANGE,RANGE,10,0.011138,0.201101,0.033182,True,,,,,NO_POSITION,CALL,,,,CALL,BULLISH,30.0,LOW,NEUTRAL,False,10.0,0.0,10.0,10.0,-0.95
2025-08-08,NIFTY,24363.3,24659.67,24871.865,25026.703,24629.3556,33.5703,209.496,25364.3554,24379.3746,0.039602,-0.008225,-0.019072,-0.031275,-0.026239,0.005437,0.005206,73207.2,65217.35,RANGE,regime_experiment_current,RANGE,TREND_UP,TREND_UP,10,0.02481,0.492604,0.033499,False,,,,,CALL,CALL,,,,CALL,BULLISH,35.0,LOW,NEUTRAL,False,15.0,0.0,10.0,10.0,0.91
2025-08-11,NIFTY,24585.05,24650.085,24847.0025,25024.072,24645.1261,41.923,212.6479,25344.6672,24349.3378,0.040058,-0.00557,-0.003884,-0.019825,-0.014448,0.006187,0.005716,72435.6,65075.6,RANGE,regime_experiment_current,RANGE,RANGE,CHOPPY,10,0.005166,0.100714,0.032792,False,,,,,NO_POSITION,NO_POSITION,,,,NO_POSITION,NEUTRAL,0.0,LOW,NEUTRAL,False,0.0,0.0,0.0,0.0,-0.4
2025-08-12,NIFTY,24487.4,24616.715,24811.5825,25022.97,24657.96,39.5627,214.3686,25305.731,24317.434,0.039832,-0.006578,-0.013444,-0.028116,-0.007961,0.005884,0.005599,72323.9,66522.6,RANGE,regime_experiment_current,RANGE,TREND_UP,RANGE,10,0.000551,0.009822,0.028096,True,,,,,NO_POSITION,CALL,,,,CALL,BULLISH,30.0,LOW,NEUTRAL,False,10.0,0.0,10.0,10.0,0.54
2025-08-13,NIFTY,24619.35,24593.145,24781.9475,25022.953,24673.1739,44.1344,211.7022,25246.6901,24317.2049,0.037507,0.001837,-0.009483,-0.023509,-0.007822,0.006217,0.005788,71220.0,67147.45,RANGE,regime_experiment_current,RANGE,CHOPPY,CHOPPY,10,-0.007819,0.14621,0.030421,False,,,,,NO_POSITION,NO_POSITION,,,,NO_POSITION,NEUTRAL,0.0,LOW,NEUTRAL,False,0.0,0.0,0.0,0.0,0.05
2025-08-14,NIFTY,24631.3,24579.44,24757.94,25020.561,24692.3611,44.5431,202.0688,25201.2286,24314.6514,0.03581,0.001429,-0.005533,-0.019121,0.000878,0.006162,0.00576,68169.4,67031.05,RANGE,regime_experiment_current,RANGE,RANGE,CHOPPY,10,-0.000254,0.004159,0.030406,False,,,,,NO_POSITION,NO_POSITION,,,,NO_POSITION,NEUTRAL,0.0,LOW,NEUTRAL,False,0.0,0.0,0.0,0.0,1.0
2025-08-18,NIFTY,24876.95,24610.6,24753.3675,25018.039,24722.5317,52.2736,215.5253,25189.7104,24317.0246,0.035255,0.021083,0.012685,-0.003663,0.000958,0.00633,0.006134,68740.1,67993.95,RANGE,regime_experiment_current,RANGE,CHOPPY,RANGE,10,-0.011953,0.228265,0.030106,True,,,,,NO_POSITION,NO_POSITION,,,,NO_POSITION,NEUTRAL,0.0,LOW,NEUTRAL,False,0.0,0.0,0.0,0.0,0.42
2025-08-19,NIFTY,24980.65,24636.39,24747.865,25015.588,24749.6961,55.1115,210.0501,25169.5839,24326.1461,0.034081,0.016091,0.010432,-0.004386,-0.00082,0.006166,0.006104,67695.3,67513.75,RANGE,regime_experiment_current,RANGE,CHOPPY,RANGE,10,-0.010632,0.199041,0.029981,True,,,,,NO_POSITION,NO_POSITION,,,,NO_POSITION,NEUTRAL,0.0,LOW,NEUTRAL,False,0.0,0.0,0.0,0.0,0.28
2025-08-20,NIFTY,25050.55,24676.49,24747.3475,25014.514,24779.1561,56.9903,206.3953,25167.5513,24327.1437,0.03396,0.022998,0.016268,-0.000413,0.009037,0.006016,0.006135,67727.0,68170.35,RANGE,regime_experiment_current,RANGE,RANGE,RANGE,10,-0.012624,0.246349,0.029898,True,,,,,NO_POSITION,NO_POSITION,,,,NO_POSITION,NEUTRAL,0.0,LOW,NEUTRAL,False,0.0,0.0,0.0,0.0,0.13
2025-08-21,NIFTY,25083.75,24727.445,24740.54,25013.361,24804.2139,57.8845,199.0118,25133.4242,24347.6558,0.03176,0.018863,0.020735,-0.005399,0.013385,0.005792,0.005962,67960.6,68352.95,RANGE,regime_experiment_current,RANGE,RANGE,RANGE,10,-0.013664,0.272619,0.029858,True,,,,,NO_POSITION,NO_POSITION,,,,NO_POSITION,NEUTRAL,0.0,LOW,NEUTRAL,False,0.0,0.0,0.0,0.0,-0.85
2025-08-22,NIFTY,24870.1,24754.84,24730.94,25012.999,24821.3422,50.5705,200.9172,25100.6241,24361.2559,0.029896,0.009695,0.011138,-0.007661,0.00147,0.006698,0.006102,65353.9,68784.25,RANGE,regime_experiment_current,RANGE,RANGE,RANGE,10,-0.003898,0.090123,0.027348,True,,,,,NO_POSITION,NO_POSITION,,,,NO_POSITION,NEUTRAL,0.0,LOW,NEUTRAL,False,0.0,0.0,0.0,0.0,0.39
2025-08-25,NIFTY,24967.75,24815.285,24737.4775,25017.982,24838.3483,53.4812,197.4159,25118.8716,24356.0834,0.030835,0.00365,0.02481,0.005264,0.008769,0.005591,0.005819,67091.3,70149.25,RANGE,regime_experiment_current,RANGE,RANGE,RANGE,10,-0.003971,0.092357,0.024706,True,,,,,NO_POSITION,NO_POSITION,,,,NO_POSITION,NEUTRAL,0.0,LOW,NEUTRAL,False,0.0,0.0,0.0,0.0,-1.02
2025-08-26,NIFTY,24712.05,24827.985,24739.035,25013.293,24847.9083,45.9218,203.1705,25119.746,24358.324,0.030778,-0.010752,0.005166,0.001262,-0.000184,0.006337,0.006113,71723.3,72079.45,RANGE,regime_experiment_current,RANGE,RANGE,RANGE,10,0.010564,0.283027,0.025534,True,,,,,NO_POSITION,NO_POSITION,,,,NO_POSITION,NEUTRAL,0.0,LOW,NEUTRAL,False,0.0,0.0,0.0,0.0,-0.85
2025-08-28,NIFTY,24500.9,24829.335,24723.025,25006.243,24852.0789,40.8133,205.1029,25115.339,24330.711,0.031737,-0.021942,0.000551,-0.0129,-0.001695,0.006843,0.006253,72757.8,72540.85,RANGE,regime_experiment_current,RANGE,RANGE,TREND_UP,10,0.020595,0.678591,0.025819,False,,,,,NO_POSITION,NO_POSITION,,,,NO_POSITION,NEUTRAL,0.0,LOW,NEUTRAL,False,0.0,0.0,0.0,0.0,-0.3
2025-08-29,NIFTY,24426.85,24810.085,24701.615,24998.539,24854.9633,39.1593,202.4604,25109.2111,24294.0189,0.033002,-0.026188,-0.007819,-0.017228,-0.007853,0.006632,0.006257,73799.5,72509.75,RANGE,regime_experiment_current,RANGE,RANGE,TREND_UP,10,0.028131,0.883169,0.03008,False,,,,,NO_POSITION,CALL,,,,CALL,BULLISH,30.0,LOW,NEUTRAL,False,10.0,0.0,10.0,10.0,0.81
2025-09-01,NIFTY,24625.05,24809.46,24694.45,24995.175,24858.2533,45.5004,202.9074,25102.1398,24286.7602,0.033019,-0.009853,-0.000254,-0.005786,-0.005085,0.007205,0.006531,73943.6,71056.5,RANGE,regime_experiment_current,RANGE,TREND_UP,RANGE,10,0.018037,0.711038,0.0287,True,,,,,NO_POSITION,NO_POSITION,,,,NO_POSITION,NEUTRAL,0.0,LOW,NEUTRAL,False,0.0,0.0,0.0,0.0,-0.18
2025-09-02,NIFTY,24579.6,24779.725,24695.1625,24984.519,24861.9522,44.3512,205.091,25101.9962,24288.3288,0.032948,-0.015546,-0.011953,0.00058,-0.016936,0.0063,0.006275,72522.1,70631.1,RANGE,regime_experiment_current,RANGE,TREND_UP,TREND_UP,10,0.026831,0.88039,0.030068,False,,,,,NO_POSITION,NO_POSITION,,,,NO_POSITION,NEUTRAL,0.0,LOW,NEUTRAL,False,0.0,0.0,0.0,0.0,0.55
2025-09-03,NIFTY,24715.05,24753.165,24694.7775,24979.382,24869.46,48.5135,205.0132,25101.5206,24288.0344,0.032942,0.000121,-0.010632,-0.000311,-0.015462,0.006439,0.00623,73431.8,70563.55,RANGE,regime_experiment_current,RANGE,RANGE,TREND_UP,10,0.024892,0.872872,0.032907,False,,,,,NO_POSITION,NO_POSITION,,,,NO_POSITION,NEUTRAL,0.0,LOW,NEUTRAL,False,0.0,0.0,0.0,0.0,0.08
2025-09-04,NIFTY,24734.3,24721.54,24699.015,24973.181,24873.9689,49.0913,209.8317,25105.5509,24292.4791,0.032919,0.009526,-0.012624,0.003438,-0.014737,0.006336,0.006192,76281.4,72004.2,RANGE,regime_experiment_current,RANGE,TREND_UP,TREND_UP,10,0.027868,0.884966,0.033433,False,,,,,NO_POSITION,NO_POSITION,,,,NO_POSITION,NEUTRAL,0.0,LOW,NEUTRAL,False,0.0,0.0,0.0,0.0,0.03
2025-09-05,NIFTY,24741.0,24687.265,24707.355,24963.106,24878.4694,49.3031,209.9029,25110.1328,24304.5772,0.032604,0.012861,-0.013664,0.006788,-0.015926,0.006297,0.006145,78148.0,73054.3,RANGE,regime_experiment_current,RANGE,TREND_UP,TREND_UP,10,0.023687,0.67459,0.033424,False,,,,,NO_POSITION,NO_POSITION,,,,NO_POSITION,NEUTRAL,0.0,LOW,NEUTRAL,False,0.0,0.0,0.0,0.0,0.13
2025-09-08,NIFTY,24773.15,24677.57,24716.205,24947.589,24883.3467,50.397,205.222,25116.5913,24315.8187,0.032399,0.006014,-0.003898,0.007196,-0.004623,0.005802,0.006148,76929.5,71141.7,RANGE,regime_experiment_current,RANGE,TREND_UP,RANGE,10,0.017325,0.446479,0.028135,True,,,,,NO_POSITION,NO_POSITION,,,,NO_POSITION,NEUTRAL,0.0,LOW,NEUTRAL,False,0.0,0.0,0.0,0.0,0.39
2025-09-09,NIFTY,24868.6,24667.655,24741.47,24932.205,24889.1456,53.5772,199.0442,25112.2696,24370.6704,0.029974,0.011758,-0.003971,0.02074,0.006068,0.005796,0.005733,70933.5,69012.4,RANGE,regime_experiment_current,RANGE,TREND_UP,RANGE,10,0.0121,0.334817,0.025516,True,,,,,NO_POSITION,NO_POSITION,,,,NO_POSITION,NEUTRAL,0.0,LOW,NEUTRAL,False,0.0,0.0,0.0,0.0,0.42
2025-09-10,NIFTY,24973.1,24693.76,24760.8725,24921.326,24894.8339,56.8106,196.7663,25137.4672,24384.2778,0.030419,0.010441,0.010564,0.015784,0.001066,0.004777,0.005469,66559.9,69141.6,RANGE,regime_experiment_current,RANGE,RANGE,RANGE,10,0.003356,0.092413,0.021363,True,,,,,NO_POSITION,NO_POSITION,,,,NO_POSITION,NEUTRAL,0.0,LOW,NEUTRAL,False,0.0,0.0,0.0,0.0,0.13
2025-09-11,NIFTY,25005.5,24744.22,24786.7775,24910.6,24901.7883,57.8099,189.6336,25155.7631,24417.7919,0.029773,0.010965,0.020595,0.021158,0.00612,0.00339,0.005352,60042.6,66400.2,RANGE,regime_experiment_current,RANGE,RANGE,RANGE,10,-0.004585,0.110193,0.022805,True,,,,,NO_POSITION,NO_POSITION,,,,NO_POSITION,NEUTRAL,0.0,LOW,NEUTRAL,False,0.0,0.0,0.0,0.0,0.43
2025-09-12,NIFTY,25114.0,24812.935,24811.51,24903.812,24909.5617,61.0126,185.6706,25198.178,24424.842,0.031168,0.015076,0.028131,0.020092,0.012169,0.002936,0.005313,57327.8,65563.65,RANGE,regime_experiment_current,RANGE,RANGE,RANGE,10,-0.018289,0.393203,0.032615,True,,,,,NO_POSITION,PUT,,,,PUT,BEARISH,30.0,LOW,NEUTRAL,False,10.0,0.0,10.0,10.0,-0.18
2025-09-15,NIFTY,25069.2,24857.35,24833.405,24897.09,24918.3994,59.025,178.8193,25226.3175,24440.4925,0.031644,0.01195,0.018037,0.017778,0.01113,0.002587,0.005349,55543.9,64743.75,RANGE,regime_experiment_current,RANGE,RANGE,RANGE,10,-0.017324,0.379932,0.033601,True,,,,,NO_POSITION,NO_POSITION,,,,NO_POSITION,NEUTRAL,0.0,LOW,NEUTRAL,False,0.0,0.0,0.0,0.0,0.68
2025-09-16,NIFTY,25239.1,24923.3,24851.5125,24892.652,24932.0783,63.8397,179.7749,25282.334,24420.691,0.034672,0.014898,0.026831,0.014558,0.005045,0.002675,0.005105,54063.7,63292.9,RANGE,regime_experiment_current,RANGE,RANGE,TREND_DOWN,10,-0.024882,0.62989,0.034108,False,,,,,NO_POSITION,PUT,,,,PUT,BEARISH,30.0,LOW,NEUTRAL,False,10.0,0.0,10.0,10.0,0.36
2025-09-17,NIFTY,25330.25,24984.82,24868.9925,24890.031,24936.5844,66.1284,174.6043,25345.3197,24392.6653,0.038307,0.014301,0.024892,0.013995,0.01435,0.002512,0.005087,52876.6,63154.2,RANGE,regime_experiment_current,RANGE,RANGE,RANGE,10,-0.0195,0.436718,0.033985,True,,,,,NO_POSITION,PUT,,,,PUT,BEARISH,30.0,LOW,NEUTRAL,False,10.0,0.0,10.0,10.0,0.37
2025-09-18,NIFTY,25423.6,25053.75,24887.645,24888.053,24945.9761,68.3773,170.6205,25417.1931,24358.0969,0.042555,0.01672,0.027868,0.014892,0.015143,0.002463,0.00511,49981.9,63131.65,RANGE,regime_experiment_current,RANGE,TREND_DOWN,TREND_DOWN,10,-0.020821,0.483138,0.03386,False,,,,,PUT,PUT,,,,PUT,BEARISH,35.0,LOW,NEUTRAL,False,15.0,0.0,10.0,10.0,-0.38
2025-09-19,NIFTY,25327.05,25112.355,24899.81,24885.072,24953.3111,63.7009,168.7907,25457.2624,24342.3576,0.044776,0.008483,0.023687,0.0097,0.00326,0.003157,0.005207,48900.4,63524.2,RANGE,regime_experiment_current,RANGE,RANGE,CHOPPY,10,-0.009847,0.210909,0.033312,False,,,,,NO_POSITION,PUT,,,,PUT,BEARISH,30.0,LOW,NEUTRAL,False,10.0,0.0,10.0,10.0,-0.49
2025-09-22,NIFTY,25202.35,25155.275,24916.4225,24882.014,24954.8694,58.1572,169.633,25488.9422,24343.9028,0.045955,0.005311,0.017325,0.013359,-0.013568,0.00391,0.004935,48059.2,62494.35,RANGE,regime_experiment_current,RANGE,TREND_DOWN,RANGE,10,-0.003732,0.086407,0.029521,True,,,,,NO_POSITION,NO_POSITION,,,,NO_POSITION,NEUTRAL,0.0,LOW,NEUTRAL,False,0.0,0.0,0.0,0.0,-0.13
2025-09-23,NIFTY,25169.5,25185.365,24926.51,24882.407,24956.5328,56.8035,170.2086,25509.3089,24343.7111,0.046761,-0.002758,0.0121,0.00808,-0.018266,0.003939,0.004892,50650.6,60792.05,RANGE,regime_experiment_current,RANGE,CHOPPY,RANGE,10,-0.004901,0.110356,0.026786,True,,,,,NO_POSITION,NO_POSITION,,,,NO_POSITION,NEUTRAL,0.0,LOW,NEUTRAL,False,0.0,0.0,0.0,0.0,-0.45
2025-09-24,NIFTY,25056.9,25193.745,24943.7525,24881.899,24957.7711,52.1638,168.1647,25520.5254,24366.9796,0.046246,-0.010791,0.003356,0.013955,-0.018033,0.004156,0.004373,50484.9,58522.4,RANGE,regime_experiment_current,RANGE,RANGE,RANGE,10,0.004985,0.109485,0.02527,True,,,,,NO_POSITION,NO_POSITION,,,,NO_POSITION,NEUTRAL,0.0,LOW,NEUTRAL,False,0.0,0.0,0.0,0.0,-0.66
2025-09-25,NIFTY,24890.85,25182.28,24963.25,24875.8,24960.0706,46.1771,171.4627,25504.0665,24422.4335,0.043329,-0.020955,-0.004585,0.015916,-0.025486,0.004677,0.004176,55352.5,57697.55,RANGE,regime_experiment_current,RANGE,RANGE,RANGE,10,0.015849,0.365854,0.029852,True,,,,,NO_POSITION,NO_POSITION,,,,NO_POSITION,NEUTRAL,0.0,LOW,NEUTRAL,False,0.0,0.0,0.0,0.0,-0.95
2025-09-26,NIFTY,24654.7,25136.35,24974.6425,24864.653,24958.3067,39.2726,177.9134,25478.0896,24471.1954,0.040317,-0.026547,-0.018289,0.009328,-0.031379,0.005126,0.004705,60885.6,59106.7,RANGE,regime_experiment_current,RANGE,RANGE,TREND_UP,10,0.023227,0.636172,0.030138,False,,,,,NO_POSITION,CALL,,,,CALL,BULLISH,33.0,LOW,NEUTRAL,False,10.0,0.0,10.0,10.0,-0.08
2025-09-29,NIFTY,24634.9,25092.92,24975.135,24855.122,24958.5867,38.8231,178.4409,25477.2306,24473.0394,0.040208,-0.022516,-0.017324,0.0004,-0.030324,0.005136,0.004352,66960.7,61252.3,RANGE,regime_experiment_current,RANGE,RANGE,TREND_UP,10,0.020727,0.530659,0.030162,False,,,,,NO_POSITION,CALL,,,,CALL,BULLISH,33.0,LOW,NEUTRAL,False,10.0,0.0,10.0,10.0,-0.1
2025-09-30,NIFTY,24611.1,25030.12,24976.71,24847.976,24955.8972,38.1252,175.9753,25474.0075,24479.4125,0.039821,-0.022186,-0.024882,0.001282,-0.03338,0.004211,0.004336,67399.4,60731.55,RANGE,regime_experiment_current,RANGE,TREND_UP,TREND_UP,10,0.028948,0.638139,0.031589,False,,,,,NO_POSITION,CALL,,,,CALL,BULLISH,33.0,LOW,NEUTRAL,False,10.0,0.0,10.0,10.0,0.92
2025-10-01,NIFTY,24836.3,24980.725,24982.7725,24842.888,24954.0656,47.2588,182.0765,25470.0174,24495.5276,0.039006,-0.008804,-0.0195,0.004906,-0.024547,0.005323,0.004642,70592.5,61734.55,RANGE,regime_experiment_current,RANGE,TREND_UP,TREND_UP,10,0.030157,0.64961,0.041047,False,,,,,NO_POSITION,NO_POSITION,,,,NO_POSITION,NEUTRAL,0.0,LOW,NEUTRAL,False,0.0,0.0,0.0,0.0,0.23
2025-10-03,NIFTY,24894.25,24927.79,24990.77,24839.555,24954.8217,49.3271,180.3156,25466.5549,24514.9851,0.038077,0.000137,-0.020821,0.006467,-0.024616,0.005179,0.004664,71284.0,60632.95,RANGE,regime_experiment_current,RANGE,TREND_UP,TREND_UP,10,0.032763,0.668744,0.041534,False,,,,,NO_POSITION,NO_POSITION,,,,NO_POSITION,NEUTRAL,0.0,LOW,NEUTRAL,False,0.0,0.0,0.0,0.0,0.74
2025-10-06,NIFTY,25077.65,24902.85,25007.6025,24836.71,24958.435,55.265,182.7298,25470.4961,24544.7089,0.03702,0.017155,-0.009847,0.013607,-0.01564,0.00592,0.004922,72345.1,60622.75,RANGE,regime_experiment_current,RANGE,TREND_UP,TREND_UP,10,0.030525,0.654553,0.041653,False,,,,,NO_POSITION,NO_POSITION,,,,NO_POSITION,NEUTRAL,0.0,LOW,NEUTRAL,False,0.0,0.0,0.0,0.0,0.12
2025-10-07,NIFTY,25108.3,24893.445,25024.36,24837.634,24961.4872,56.2117,180.0087,25476.2247,24572.4953,0.036114,0.019217,-0.003732,0.013529,-0.00974,0.005782,0.004922,73666.6,60862.9,RANGE,regime_experiment_current,RANGE,TREND_UP,TREND_UP,10,0.030281,0.65301,0.036874,False,,,,,NO_POSITION,NO_POSITION,,,,NO_POSITION,NEUTRAL,0.0,LOW,NEUTRAL,False,0.0,0.0,0.0,0.0,-0.25
2025-10-08,NIFTY,25046.15,24881.11,25033.2375,24841.817,24964.77,53.7674,180.348,25479.454,24587.021,0.03565,0.017677,-0.004901,0.00714,-0.004123,0.005815,0.004911,74736.1,62693.35,RANGE,regime_experiment_current,RANGE,TREND_UP,TREND_UP,10,0.033748,0.751367,0.043747,False,,,,,NO_POSITION,NO_POSITION,,,,NO_POSITION,NEUTRAL,0.0,LOW,NEUTRAL,False,0.0,0.0,0.0,0.0,0.54
2025-10-09,NIFTY,25181.8,24893.6,25043.6725,24851.835,24969.9389,58.0268,179.9223,25493.5219,24593.8231,0.035925,0.013911,0.004985,0.008357,0.003967,0.0059,0.004968,75017.3,62751.1,RANGE,regime_experiment_current,RANGE,TREND_UP,TREND_UP,10,0.024357,0.565013,0.042884,False,,,,,NO_POSITION,NO_POSITION,,,,NO_POSITION,NEUTRAL,0.0,LOW,NEUTRAL,False,0.0,0.0,0.0,0.0,0.41
2025-10-10,NIFTY,25285.35,24933.05,25057.665,24861.12,24978.1928,60.9983,179.4763,25519.1533,24596.1767,0.036834,0.01571,0.015849,0.011192,0.003554,0.005413,0.005033,73189.4,64270.95,RANGE,regime_experiment_current,RANGE,TREND_UP,TREND_UP,10,0.026921,0.590424,0.041275,False,,,,,NO_POSITION,PUT,,,,PUT,BEARISH,30.0,LOW,NEUTRAL,False,10.0,0.0,10.0,10.0,-0.23
2025-10-13,NIFTY,25227.35,24990.315,25063.3325,24868.566,24984.9389,58.489,176.1696,25530.2017,24596.4633,0.037255,0.005969,0.023227,0.004513,0.000607,0.004096,0.00499,70702.2,65793.9,RANGE,regime_experiment_current,RANGE,TREND_UP,TREND_UP,10,0.028098,0.630229,0.04137,False,,,,,NO_POSITION,NO_POSITION,,,,NO_POSITION,NEUTRAL,0.0,LOW,NEUTRAL,False,0.0,0.0,0.0,0.0,-0.32
2025-10-14,NIFTY,25145.5,25041.375,25067.1475,24876.109,24989.3233,55.0587,181.4141,25535.3911,24598.9039,0.037359,0.001482,0.020727,0.003044,0.001356,0.004365,0.005031,70338.4,68649.55,RANGE,regime_experiment_current,RANGE,TREND_UP,TREND_UP,10,0.036126,0.782699,0.041504,False,,,,,NO_POSITION,NO_POSITION,,,,NO_POSITION,NEUTRAL,0.0,LOW,NEUTRAL,False,0.0,0.0,0.0,0.0,0.71
2025-10-15,NIFTY,25323.55,25112.62,25071.37,24891.273,24992.8844,60.506,184.1983,25547.2016,24595.5384,0.037958,0.011076,0.028948,0.003346,0.014224,0.004485,0.005053,71600.7,69500.05,RANGE,regime_experiment_current,RANGE,TREND_UP,TREND_UP,10,0.021889,0.478422,0.037311,False,,,,,NO_POSITION,PUT,,,,PUT,BEARISH,30.0,LOW,NEUTRAL,False,10.0,0.0,10.0,10.0,1.03
2025-10-16,NIFTY,25585.3,25187.52,25084.1225,24908.524,24998.2411,66.8192,192.5721,25599.0848,24569.1602,0.041059,0.016023,0.030157,0.010069,0.019712,0.004681,0.005497,72313.0,71452.75,RANGE,regime_experiment_current,RANGE,TREND_UP,RANGE,10,0.005347,0.129964,0.028428,True,,,,,NO_POSITION,PUT,,,,PUT,BEARISH,30.0,LOW,NEUTRAL,False,10.0,0.0,10.0,10.0,0.49
2025-10-17,NIFTY,25709.85,25269.08,25098.435,24929.73,25004.97,69.3362,198.2913,25663.7887,24533.0813,0.045051,0.016788,0.032763,0.011259,0.025895,0.00471,0.00554,76477.3,73880.65,RANGE,regime_experiment_current,RANGE,TREND_UP,RANGE,10,0.002081,0.055194,0.023166,True,,,,,PUT,PUT,,,,PUT,BEARISH,35.0,LOW,NEUTRAL,False,15.0,0.0,10.0,10.0,0.52
2025-10-20,NIFTY,25843.15,25345.63,25124.24,24955.109,25012.7672,71.8026,199.5854,25770.3269,24478.1531,0.051431,0.02441,0.030525,0.020377,0.024713,0.004546,0.005531,76432.8,74388.95,RANGE,regime_experiment_current,RANGE,RANGE,RANGE,10,-0.0095,0.245083,0.020346,True,,,,,PUT,PUT,,,,PUT,BEARISH,40.0,LOW,NEUTRAL,False,20.0,0.0,10.0,10.0,0.1
2025-10-21,NIFTY,25868.6,25421.66,25157.5525,24980.558,25023.6606,72.2649,193.104,25880.4519,24434.6531,0.05747,0.028757,0.030281,0.026436,0.03218,0.004557,0.005351,71623.9,72645.25,RANGE,regime_experiment_current,RANGE,RANGE,RANGE,10,-0.013874,0.337249,0.023683,True,,,,,NO_POSITION,PUT,,,,PUT,BEARISH,35.0,LOW,NEUTRAL,False,15.0,0.0,10.0,10.0,0.09
2025-10-23,NIFTY,25891.4,25506.185,25193.6475,25011.12,25036.6917,72.6807,196.5472,25984.2486,24403.0464,0.062762,0.022424,0.033748,0.028682,0.042453,0.00422,0.005317,75427.0,75081.55,RANGE,regime_experiment_current,RANGE,RANGE,RANGE,10,-0.015414,0.376936,0.030348,True,,,,,NO_POSITION,PUT,,,,PUT,BEARISH,35.0,LOW,NEUTRAL,False,15.0,0.0,10.0,10.0,-0.37
2025-10-24,NIFTY,25795.15,25567.52,25230.56,25035.322,25046.1211,67.9206,198.6546,26060.1509,24400.9691,0.065761,0.008202,0.024357,0.029463,0.045146,0.004682,0.005275,77864.7,76441.0,RANGE,regime_experiment_current,RANGE,RANGE,CHOPPY,10,-0.00856,0.211373,0.030215,False,,,,,NO_POSITION,PUT,,,,PUT,BEARISH,30.0,LOW,NEUTRAL,False,10.0,0.0,10.0,10.0,0.66
2025-10-27,NIFTY,25966.05,25635.59,25284.32,25064.895,25058.4839,71.4824,199.5292,26157.1138,24411.5262,0.069038,0.009965,0.026921,0.043197,0.046128,0.004848,0.005032,82172.9,77681.15,RANGE,regime_experiment_current,RANGE,RANGE,RANGE,10,-0.010441,0.272654,0.030016,True,,,,,NO_POSITION,PUT,,,,PUT,BEARISH,35.0,LOW,NEUTRAL,False,15.0,0.0,10.0,10.0,-0.11
2025-10-28,NIFTY,25936.2,25706.475,25348.395,25091.232,25070.9744,70.0018,201.8328,26215.0274,24481.7626,0.068378,0.003601,0.028098,0.051978,0.043498,0.004729,0.004313,84530.0,77616.1,RANGE,regime_experiment_current,RANGE,CHOPPY,CHOPPY,10,-0.002329,0.052737,0.030051,False,,,,,NO_POSITION,PUT,,,,PUT,BEARISH,35.0,LOW,NEUTRAL,False,15.0,0.0,10.0,10.0,0.45
2025-10-29,NIFTY,26053.9,25797.315,25419.345,25119.684,25084.9817,72.4706,198.952,26272.9542,24565.7358,0.067162,0.007163,0.036126,0.057601,0.051903,0.004242,0.00426,83550.9,76944.65,RANGE,regime_experiment_current,RANGE,RANGE,RANGE,10,-0.006707,0.169504,0.029915,True,,,,,NO_POSITION,PUT,,,,PUT,BEARISH,35.0,LOW,NEUTRAL,False,15.0,0.0,10.0,10.0,-0.68
2025-10-30,NIFTY,25877.85,25852.745,25482.6825,25139.702,25093.4867,64.1116,199.6872,26272.6163,24692.7487,0.061998,-0.000523,0.021889,0.051471,0.053429,0.005131,0.004704,84248.0,77924.35,RANGE,regime_experiment_current,RANGE,CHOPPY,RANGE,10,0.001244,0.036351,0.027576,True,,,,,NO_POSITION,PUT,,,,PUT,BEARISH,30.0,LOW,NEUTRAL,False,10.0,0.0,10.0,10.0,-0.6
2025-10-31,NIFTY,25722.1,25866.425,25526.9725,25154.531,25101.8222,57.8412,202.7296,26264.5707,24789.3743,0.05779,-0.002832,0.005347,0.035666,0.040422,0.004841,0.004801,84679.8,78496.4,RANGE,regime_experiment_current,RANGE,RANGE,RANGE,10,0.011327,0.349571,0.027437,True,,,,,NO_POSITION,NO_POSITION,,,,NO_POSITION,NEUTRAL,0.0,LOW,NEUTRAL,False,0.0,0.0,0.0,0.0,0.16
2025-11-03,NIFTY,25763.35,25871.775,25570.4275,25168.787,25109.8111,59.0084,199.4794,26254.244,24886.611,0.053485,-0.007806,0.002081,0.034912,0.045185,0.004622,0.004799,80912.1,78694.7,RANGE,regime_experiment_current,RANGE,RANGE,RANGE,10,0.005694,0.163801,0.027613,True,,,,,NO_POSITION,NO_POSITION,,,,NO_POSITION,NEUTRAL,0.0,LOW,NEUTRAL,False,0.0,0.0,0.0,0.0,-0.64
2025-11-04,NIFTY,25597.65,25847.225,25596.4275,25179.065,25113.7322,52.7548,200.213,26241.7827,24951.0723,0.050425,-0.013053,-0.0095,0.020736,0.041647,0.004694,0.004936,81219.3,78826.05,RANGE,regime_experiment_current,RANGE,RANGE,RANGE,10,0.017775,0.52149,0.029542,True,,,,,NO_POSITION,NO_POSITION,,,,NO_POSITION,NEUTRAL,0.0,LOW,NEUTRAL,False,0.0,0.0,0.0,0.0,-0.34
2025-11-06,NIFTY,25509.7,25811.335,25616.4975,25191.857,25113.2956,49.7507,199.2427,26223.723,25009.272,0.047409,-0.020887,-0.013874,0.015987,0.037142,0.0047,0.005035,85609.3,78616.6,RANGE,regime_experiment_current,RANGE,RANGE,TREND_UP,10,0.026753,0.738542,0.036386,False,,,,,NO_POSITION,NO_POSITION,,,,NO_POSITION,NEUTRAL,0.0,LOW,NEUTRAL,False,0.0,0.0,0.0,0.0,-0.07
2025-11-07,NIFTY,25492.3,25771.425,25638.805,25202.348,25111.6789,49.1416,201.6437,26190.8539,25086.7561,0.043064,-0.014899,-0.015414,0.017813,0.04634,0.004642,0.00499,83655.7,79541.35,RANGE,regime_experiment_current,RANGE,RANGE,TREND_UP,10,0.022589,0.558725,0.036411,False,,,,,NO_POSITION,NO_POSITION,,,,NO_POSITION,NEUTRAL,0.0,LOW,NEUTRAL,False,0.0,0.0,0.0,0.0,0.32
2025-11-10,NIFTY,25574.35,25749.345,25658.4325,25219.594,25112.3156,52.0859,198.778,26170.5626,25146.3024,0.039919,-0.005744,-0.00856,0.015589,0.04024,0.004796,0.004908,79378.6,78621.65,RANGE,regime_experiment_current,RANGE,TREND_UP,RANGE,10,0.01506,0.364294,0.03118,True,,,,,NO_POSITION,NO_POSITION,,,,NO_POSITION,NEUTRAL,0.0,LOW,NEUTRAL,False,0.0,0.0,0.0,0.0,0.47
2025-11-11,NIFTY,25694.95,25722.235,25678.9125,25243.475,25114.0172,56.0482,203.6079,26161.6423,25196.1827,0.037597,-0.002655,-0.010441,0.016199,0.049313,0.004494,0.004932,77930.2,80051.55,RANGE,regime_experiment_current,RANGE,TREND_UP,CHOPPY,10,0.007389,0.187719,0.031033,False,,,,,NO_POSITION,NO_POSITION,,,,NO_POSITION,NEUTRAL,0.0,LOW,NEUTRAL,False,0.0,0.0,0.0,0.0,0.7
2025-11-12,NIFTY,25875.8,25716.195,25711.335,25272.454,25118.7106,61.2839,206.1799,26153.8216,25268.8484,0.03442,0.010866,-0.002329,0.025704,0.051035,0.005168,0.005062,75405.6,79967.8,RANGE,regime_experiment_current,RANGE,RANGE,RANGE,10,0.012734,0.286273,0.019549,True,,,,,NO_POSITION,PUT,,,,PUT,BEARISH,30.0,LOW,NEUTRAL,False,10.0,0.0,10.0,10.0,0.01
2025-11-13,NIFTY,25879.15,25698.72,25748.0175,25297.536,25123.9756,61.3698,205.9054,26111.35,25384.685,0.028222,0.014483,-0.006707,0.029176,0.050661,0.004897,0.004958,74150.1,78850.5,RANGE,regime_experiment_current,RANGE,CHOPPY,RANGE,10,0.012999,0.290526,0.022012,True,,,,,NO_POSITION,PUT,,,,PUT,BEARISH,30.0,LOW,NEUTRAL,False,10.0,0.0,10.0,10.0,0.12
2025-11-14,NIFTY,25910.05,25701.94,25777.3425,25324.145,25128.965,62.2285,205.4243,26090.0518,25464.6332,0.024262,0.016387,0.001244,0.02316,0.041528,0.00442,0.004778,76529.0,80388.5,RANGE,regime_experiment_current,RANGE,RANGE,RANGE,10,0.011304,0.25702,0.021986,True,,,,,NO_POSITION,PUT,,,,PUT,BEARISH,30.0,LOW,NEUTRAL,False,10.0,0.0,10.0,10.0,0.4
2025-11-17,NIFTY,26013.45,25731.075,25798.75,25350.113,25135.1,65.1157,199.1937,26114.5462,25482.9538,0.024482,0.01717,0.011327,0.016734,0.041344,0.003984,0.004325,73084.6,78882.2,RANGE,regime_experiment_current,RANGE,RANGE,RANGE,10,0.006239,0.152624,0.018562,True,,,,,NO_POSITION,PUT,,,,PUT,BEARISH,30.0,LOW,NEUTRAL,False,10.0,0.0,10.0,10.0,-0.4
2025-11-18,NIFTY,25910.05,25745.745,25808.76,25373.628,25139.4061,60.1899,195.8874,26125.3407,25492.1793,0.024533,0.008371,0.005694,0.007787,0.034311,0.00429,0.004344,73478.0,77195.05,RANGE,regime_experiment_current,RANGE,RANGE,RANGE,10,0.004714,0.110688,0.018636,True,,,,,NO_POSITION,PUT,,,,PUT,BEARISH,30.0,LOW,NEUTRAL,False,10.0,0.0,10.0,10.0,0.55
2025-11-19,NIFTY,26052.65,25791.245,25819.235,25399.861,25145.8122,64.2073,197.5111,26153.0679,25485.4021,0.025859,0.006835,0.017775,0.008107,0.038627,0.00375,0.004363,72608.8,76914.05,RANGE,regime_experiment_current,RANGE,RANGE,RANGE,10,-0.002558,0.066177,0.018534,True,,,,,NO_POSITION,PUT,,,,PUT,BEARISH,30.0,LOW,NEUTRAL,False,10.0,0.0,10.0,10.0,0.54
2025-11-20,NIFTY,26192.15,25859.49,25835.4125,25428.241,25155.1111,67.6609,197.2508,26206.5234,25464.3016,0.028729,0.012095,0.026753,0.012507,0.053158,0.003409,0.0045,75437.1,80523.2,RANGE,regime_experiment_current,RANGE,RANGE,RANGE,10,-0.006048,0.173039,0.018435,True,,,,,NO_POSITION,PUT,,,,PUT,BEARISH,30.0,LOW,NEUTRAL,False,10.0,0.0,10.0,10.0,-0.47
2025-11-21,NIFTY,26068.15,25917.075,25844.25,25452.232,25165.3144,61.9343,193.1691,26228.46,25460.04,0.029733,0.006102,0.022589,0.006827,0.044073,0.004032,0.004656,77710.7,80683.2,RANGE,regime_experiment_current,RANGE,RANGE,RANGE,10,0.004538,0.125305,0.018523,True,,,,,NO_POSITION,PUT,,,,PUT,BEARISH,30.0,LOW,NEUTRAL,False,10.0,0.0,10.0,10.0,-0.42
2025-11-24,NIFTY,25959.5,25955.59,25852.4675,25471.96,25175.0611,57.3825,195.8621,26239.1476,25465.7874,0.029914,-0.002074,0.01506,0.006371,0.050479,0.004485,0.004678,82539.0,80958.8,RANGE,regime_experiment_current,RANGE,RANGE,RANGE,10,4e-05,0.000989,0.0186,True,,,,,NO_POSITION,NO_POSITION,,,,NO_POSITION,NEUTRAL,0.0,LOW,NEUTRAL,False,0.0,0.0,0.0,0.0,-0.29
2025-11-25,NIFTY,25884.8,25974.575,25848.405,25489.546,25182.7167,54.4126,194.3476,26231.9208,25464.8892,0.029674,-0.000975,0.007389,-0.003129,0.056484,0.004524,0.004483,81133.5,79531.85,RANGE,regime_experiment_current,RANGE,RANGE,RANGE,10,-0.001744,0.040766,0.023095,True,,,,,NO_POSITION,NO_POSITION,,,,NO_POSITION,NEUTRAL,0.0,LOW,NEUTRAL,False,0.0,0.0,0.0,0.0,1.24
2025-11-26,NIFTY,26205.3,26007.525,25861.86,25511.372,25193.7528,63.2238,207.0751,26274.5263,25449.1937,0.031913,0.005859,0.012734,0.010375,0.072807,0.005549,0.005275,83852.5,79629.05,TREND_UP,regime_experiment_current,TREND_UP,RANGE,RANGE,10,-0.017069,0.514907,0.022812,False,NO_POSITION,CALL,,,,,,NO_POSITION,,CALL,BULLISH,46.0,LOW,NEUTRAL,False,25.0,0.0,10.0,8.0,0.04
2025-11-27,NIFTY,26215.55,26041.165,25869.9425,25534.299,25206.0206,63.4594,204.3331,26303.1579,25436.7271,0.033492,0.000893,0.012999,0.006204,0.064589,0.005544,0.00519,83461.4,78805.75,TREND_UP,regime_experiment_current,TREND_UP,RANGE,RANGE,10,-0.012092,0.317317,0.024129,False,NO_POSITION,CALL,,,,,,NO_POSITION,,CALL,BULLISH,46.0,LOW,NEUTRAL,False,25.0,0.0,10.0,8.0,-0.05
2025-11-28,NIFTY,26202.95,26070.455,25886.1975,25553.576,25219.7378,62.9037,197.4386,26343.1275,25429.2675,0.035303,0.005171,0.011304,0.012563,0.066045,0.005573,0.004922,76745.5,76637.25,TREND_UP,regime_experiment_current,TREND_UP,RANGE,RANGE,10,-0.005954,0.137469,0.02414,False,NO_POSITION,CALL,,,,,,NO_POSITION,,CALL,BULLISH,46.0,LOW,NEUTRAL,False,25.0,0.0,10.0,8.0,-0.1
2025-12-01,NIFTY,26175.75,26086.685,25908.88,25570.486,25231.7939,61.6623,197.7442,26375.902,25441.858,0.036051,0.00833,0.006239,0.017637,0.059102,0.005513,0.004688,77901.2,75492.9,RANGE,regime_experiment_current,RANGE,RANGE,RANGE,10,-0.005671,0.131692,0.024165,True,,,,,NO_POSITION,PUT,,,,PUT,BEARISH,30.0,LOW,NEUTRAL,False,10.0,0.0,10.0,10.0,-0.55
2025-12-02,NIFTY,26032.2,26098.9,25922.3225,25582.658,25242.5861,55.4117,196.3264,26387.2876,25457.3574,0.035874,0.005694,0.004714,0.010435,0.052474,0.005672,0.004895,77795.9,75636.95,RANGE,regime_experiment_current,RANGE,RANGE,RANGE,10,-0.006611,0.149535,0.019566,True,,,,,NO_POSITION,NO_POSITION,,,,NO_POSITION,NEUTRAL,0.0,LOW,NEUTRAL,False,0.0,0.0,0.0,0.0,-0.18
2025-12-03,NIFTY,25986.0,26092.235,25941.74,25595.837,25251.0983,53.5449,194.8667,26382.6628,25500.8172,0.033993,-0.008369,-0.002558,0.015171,0.050321,0.005417,0.004651,78394.1,75501.45,RANGE,regime_experiment_current,RANGE,RANGE,RANGE,10,-0.006444,0.146085,0.019601,True,,,,,NO_POSITION,NO_POSITION,,,,NO_POSITION,NEUTRAL,0.0,LOW,NEUTRAL,False,0.0,0.0,0.0,0.0,0.18
2025-12-04,NIFTY,26033.75,26076.395,25967.9425,25612.465,25261.8944,55.2608,192.3126,26362.9464,25572.9386,0.030422,-0.006935,-0.006048,0.020543,0.050886,0.00512,0.004548,75625.4,75531.25,RANGE,regime_experiment_current,RANGE,RANGE,RANGE,10,-0.008381,0.198094,0.019565,True,,,,,NO_POSITION,NO_POSITION,,,,NO_POSITION,NEUTRAL,0.0,LOW,NEUTRAL,False,0.0,0.0,0.0,0.0,0.59
2025-12-05,NIFTY,26186.45,26088.225,26002.65,25632.804,25276.8883,60.2065,194.0914,26342.5199,25662.7801,0.026141,-0.00063,0.004538,0.02723,0.052993,0.005263,0.004653,72023.9,74867.3,RANGE,regime_experiment_current,RANGE,RANGE,RANGE,10,-0.008403,0.200109,0.019451,True,,,,,NO_POSITION,PUT,,,,PUT,BEARISH,30.0,LOW,NEUTRAL,False,10.0,0.0,10.0,10.0,-0.86
2025-12-08,NIFTY,25960.55,26088.33,26021.96,25650.877,25291.1067,51.1587,201.2289,26300.6827,25743.2373,0.021422,-0.008221,4e-05,0.015101,0.039541,0.005854,0.005133,71121.3,76830.15,RANGE,regime_experiment_current,RANGE,RANGE,RANGE,10,0.00816,0.196203,0.018777,True,,,,,NO_POSITION,NO_POSITION,,,,NO_POSITION,NEUTRAL,0.0,LOW,NEUTRAL,False,0.0,0.0,0.0,0.0,-0.47
2025-12-09,NIFTY,25839.65,26083.815,26029.195,25669.853,25302.4239,47.0804,203.4701,26279.6691,25778.7209,0.019246,-0.007397,-0.001744,0.005631,0.033359,0.005978,0.00518,72859.9,76996.7,RANGE,regime_experiment_current,RANGE,RANGE,RANGE,10,0.013061,0.350249,0.02091,True,,,,,NO_POSITION,NO_POSITION,,,,NO_POSITION,NEUTRAL,0.0,LOW,NEUTRAL,False,0.0,0.0,0.0,0.0,-0.32
2025-12-10,NIFTY,25758.0,26039.085,26023.305,25691.919,25312.4567,44.5252,204.1487,26292.7523,25753.8577,0.020708,-0.008774,-0.017069,-0.004553,0.025643,0.004072,0.00498,69747.4,76799.95,RANGE,regime_experiment_current,RANGE,RANGE,RANGE,10,0.014912,0.418866,0.021087,True,,,,,NO_POSITION,NO_POSITION,,,,NO_POSITION,NEUTRAL,0.0,LOW,NEUTRAL,False,0.0,0.0,0.0,0.0,0.55
2025-12-11,NIFTY,25898.55,26007.385,26024.275,25717.192,25325.0144,49.6096,205.9937,26291.7721,25756.7779,0.020558,-0.005193,-0.012092,0.00075,0.033082,0.004638,0.005139,70656.4,77058.9,RANGE,regime_experiment_current,RANGE,RANGE,RANGE,10,0.005551,0.164051,0.020972,True,,,,,NO_POSITION,NO_POSITION,,,,NO_POSITION,NEUTRAL,0.0,LOW,NEUTRAL,False,0.0,0.0,0.0,0.0,0.57
2025-12-12,NIFTY,26046.95,25991.785,26031.12,25745.909,25341.4767,54.4075,202.6234,26293.5331,25768.7069,0.020161,-0.005327,-0.005954,0.005284,0.032008,0.005135,0.00529,72980.4,74862.95,RANGE,regime_experiment_current,RANGE,RANGE,RANGE,10,-0.004025,0.126623,0.019584,True,,,,,NO_POSITION,NO_POSITION,,,,NO_POSITION,NEUTRAL,0.0,LOW,NEUTRAL,False,0.0,0.0,0.0,0.0,-0.08
2025-12-15,NIFTY,26027.3,25976.94,26031.8125,25769.729,25355.9717,53.6891,198.3333,26294.1085,25769.5165,0.020152,0.002571,-0.005671,0.000532,0.027518,0.005133,0.005221,72499.9,75200.55,RANGE,regime_experiment_current,RANGE,RANGE,RANGE,10,-0.003398,0.108976,0.019599,True,,,,,NO_POSITION,NO_POSITION,,,,NO_POSITION,NEUTRAL,0.0,LOW,NEUTRAL,False,0.0,0.0,0.0,0.0,-0.64
2025-12-16,NIFTY,25860.1,25959.73,26029.315,25789.046,25369.4222,47.8427,197.9237,26297.0949,25761.5351,0.020575,0.000791,-0.006611,-0.001928,0.017169,0.005241,0.005347,72202.3,74999.1,RANGE,regime_experiment_current,RANGE,RANGE,RANGE,10,0.010421,0.322677,0.019725,True,,,,,NO_POSITION,NO_POSITION,,,,NO_POSITION,NEUTRAL,0.0,LOW,NEUTRAL,False,0.0,0.0,0.0,0.0,-0.16
2025-12-17,NIFTY,25818.55,25942.985,26017.61,25803.864,25383.2483,46.4702,195.1515,26300.3351,25734.8849,0.021733,0.002351,-0.006444,-0.008986,0.019406,0.005237,0.00519,69663.2,74028.65,RANGE,regime_experiment_current,RANGE,RANGE,RANGE,10,0.012704,0.404639,0.019757,True,,,,,NO_POSITION,NO_POSITION,,,,NO_POSITION,NEUTRAL,0.0,LOW,NEUTRAL,False,0.0,0.0,0.0,0.0,-0.01
2025-12-18,NIFTY,25815.55,25921.165,25998.78,25818.009,25396.7972,46.3523,193.7631,26282.6603,25714.8997,0.021838,-0.003205,-0.008381,-0.014378,0.024331,0.005171,0.00501,70394.7,73010.05,RANGE,regime_experiment_current,RANGE,RANGE,RANGE,10,0.019872,0.518391,0.023772,True,,,,,NO_POSITION,NO_POSITION,,,,NO_POSITION,NEUTRAL,0.0,LOW,NEUTRAL,False,0.0,0.0,0.0,0.0,0.58
2025-12-19,NIFTY,25966.4,25899.16,25993.6925,25836.414,25414.6094,52.0738,192.6318,26276.0606,25711.3244,0.021726,-0.003092,-0.008403,-0.003903,0.031661,0.005168,0.00512,68734.4,70379.15,RANGE,regime_experiment_current,RANGE,RANGE,RANGE,10,0.010933,0.309597,0.019071,True,,,,,NO_POSITION,NO_POSITION,,,,NO_POSITION,NEUTRAL,0.0,LOW,NEUTRAL,False,0.0,0.0,0.0,0.0,0.79
2025-12-22,NIFTY,26172.4,25920.345,26004.3375,25856.226,25432.2467,58.5532,194.1652,26296.6249,25712.0501,0.02248,0.005575,0.00816,0.008201,0.044519,0.005044,0.005335,64699.5,67910.4,RANGE,regime_experiment_current,RANGE,RANGE,RANGE,10,0.000241,0.00805,0.018921,True,,,,,NO_POSITION,NO_POSITION,,,,NO_POSITION,NEUTRAL,0.0,LOW,NEUTRAL,False,0.0,0.0,0.0,0.0,0.02
2025-12-23,NIFTY,26177.15,25954.095,26018.955,25874.062,25451.0217,58.6955,188.4938,26315.0838,25722.8262,0.022763,0.01226,0.013061,0.011294,0.051678,0.004679,0.005279,59720.1,66290.0,RANGE,regime_experiment_current,RANGE,RANGE,RANGE,10,-0.001391,0.044619,0.018917,True,,,,,NO_POSITION,NO_POSITION,,,,NO_POSITION,NEUTRAL,0.0,LOW,NEUTRAL,False,0.0,0.0,0.0,0.0,-0.13
2025-12-24,NIFTY,26142.1,25992.505,26015.795,25892.357,25467.9411,57.1813,183.1263,26305.1742,25726.4158,0.022246,0.012532,0.014912,-0.002412,0.060329,0.004518,0.004497,57489.9,63618.65,RANGE,regime_experiment_current,RANGE,RANGE,RANGE,10,-0.010146,0.253913,0.01969,True,,,,,NO_POSITION,NO_POSITION,,,,NO_POSITION,NEUTRAL,0.0,LOW,NEUTRAL,False,0.0,0.0,0.0,0.0,-0.38
2025-12-26,NIFTY,26042.3,26006.88,26007.1325,25910.293,25483.6189,52.9653,179.7227,26282.0875,25732.1775,0.021145,0.008783,0.005551,-0.006609,0.05713,0.004565,0.00457,58013.7,64335.05,RANGE,regime_experiment_current,RANGE,RANGE,RANGE,10,-0.013785,0.315355,0.028807,True,,,,,NO_POSITION,NO_POSITION,,,,NO_POSITION,NEUTRAL,0.0,LOW,NEUTRAL,False,0.0,0.0,0.0,0.0,-0.38
2025-12-29,NIFTY,25942.1,25996.395,25994.09,25922.664,25495.4539,49.0626,180.1991,26255.0436,25733.1364,0.020078,-0.000936,-0.004025,-0.009955,0.054081,0.004361,0.004638,60249.0,66614.7,RANGE,regime_experiment_current,RANGE,RANGE,CHOPPY,10,-0.005853,0.132603,0.034685,False,,,,,NO_POSITION,NO_POSITION,,,,NO_POSITION,NEUTRAL,0.0,LOW,NEUTRAL,False,0.0,0.0,0.0,0.0,-0.01
2025-12-30,NIFTY,25938.85,25987.55,25982.245,25929.735,25506.1006,48.9276,174.387,26230.3293,25734.1607,0.019096,-0.008924,-0.003398,-0.00905,0.044393,0.00436,0.004637,61392.7,66946.3,RANGE,regime_experiment_current,RANGE,RANGE,CHOPPY,10,-0.007963,0.172147,0.034689,False,,,,,NO_POSITION,NO_POSITION,,,,NO_POSITION,NEUTRAL,0.0,LOW,NEUTRAL,False,0.0,0.0,0.0,0.0,0.74
2025-12-31,NIFTY,26129.6,26014.5,25987.115,25938.13,25518.09,56.0587,179.7237,26242.643,25731.587,0.019666,-0.001816,0.010421,0.003742,0.049624,0.004397,0.004788,62207.9,67205.1,RANGE,regime_experiment_current,RANGE,CHOPPY,RANGE,10,-0.017758,0.431307,0.034436,True,,,,,NO_POSITION,NO_POSITION,,,,NO_POSITION,NEUTRAL,0.0,LOW,NEUTRAL,False,0.0,0.0,0.0,0.0,0.06
2026-01-01,NIFTY,26146.55,26047.3,25995.1425,25944.198,25529.8989,56.6308,172.9051,26259.9451,25730.3399,0.020373,0.00017,0.012704,0.006178,0.042624,0.004303,0.004767,60527.4,65095.3,RANGE,regime_experiment_current,RANGE,CHOPPY,RANGE,10,-0.017295,0.415778,0.034414,True,,,,,NO_POSITION,NO_POSITION,,,,NO_POSITION,NEUTRAL,0.0,LOW,NEUTRAL,False,0.0,0.0,0.0,0.0,0.7
2026-01-02,NIFTY,26328.55,26098.6,26009.8825,25953.397,25546.1039,62.3844,176.3844,26311.8516,25707.9134,0.02322,0.010992,0.019872,0.011324,0.048599,0.00462,0.004985,60117.6,65256.15,RANGE,regime_experiment_current,RANGE,RANGE,TREND_DOWN,10,-0.028222,0.732466,0.034176,False,,,,,PUT,PUT,,,,PUT,BEARISH,35.0,LOW,NEUTRAL,False,15.0,0.0,10.0,10.0,-0.3
2026-01-05,NIFTY,26250.3,26126.99,26013.075,25960.575,25560.3544,58.7943,175.433,26323.6704,25702.4796,0.02388,0.01188,0.010933,0.002438,0.048077,0.004642,0.004882,61837.0,65285.7,RANGE,regime_experiment_current,RANGE,RANGE,TREND_DOWN,10,-0.038773,0.789482,0.045784,False,,,,,NO_POSITION,NO_POSITION,,,,NO_POSITION,NEUTRAL,0.0,LOW,NEUTRAL,False,0.0,0.0,0.0,0.0,-0.27
2026-01-06,NIFTY,26178.7,26127.62,26023.9825,25968.246,25576.6506,55.6215,173.5602,26341.6744,25706.2906,0.024415,0.009247,0.000241,0.008403,0.039588,0.004088,0.004487,63719.6,64209.55,RANGE,regime_experiment_current,RANGE,TREND_DOWN,TREND_DOWN,10,-0.039009,0.790036,0.051727,False,,,,,NO_POSITION,NO_POSITION,,,,NO_POSITION,NEUTRAL,0.0,LOW,NEUTRAL,False,0.0,0.0,0.0,0.0,-0.14
2026-01-07,NIFTY,26140.75,26123.98,26039.0375,25971.74,25594.8711,53.9526,169.6778,26348.7999,25729.2751,0.023792,0.000427,-0.001391,0.011653,0.03383,0.004114,0.004351,65102.3,62411.2,RANGE,regime_experiment_current,RANGE,TREND_DOWN,TREND_DOWN,10,-0.032549,0.613424,0.048482,False,,,,,NO_POSITION,NO_POSITION,,,,NO_POSITION,NEUTRAL,0.0,LOW,NEUTRAL,False,0.0,0.0,0.0,0.0,-1.01
2026-01-08,NIFTY,25876.85,26097.455,26044.98,25970.553,25610.9822,44.1007,177.7226,26337.0007,25752.9593,0.022424,-0.010315,-0.010146,0.004614,0.025746,0.005191,0.004907,71325.9,64407.9,RANGE,regime_experiment_current,RANGE,TREND_DOWN,TREND_DOWN,10,-0.032005,0.607007,0.046891,False,,,,,NO_POSITION,NO_POSITION,,,,NO_POSITION,NEUTRAL,0.0,LOW,NEUTRAL,False,0.0,0.0,0.0,0.0,-0.75
2026-01-09,NIFTY,25683.3,26061.555,26034.2175,25963.141,25622.7406,38.5611,187.726,26360.8471,25707.5879,0.025092,-0.024508,-0.013785,-0.008311,0.021388,0.005529,0.005034,72347.3,65180.5,RANGE,regime_experiment_current,RANGE,TREND_DOWN,RANGE,10,-0.019775,0.391415,0.039746,True,,,,,CALL,CALL,,,,CALL,BULLISH,35.0,LOW,NEUTRAL,False,15.0,0.0,10.0,10.0,0.42
2026-01-12,NIFTY,25790.25,26046.37,26021.3825,25961.389,25636.1922,42.8357,198.5853,26364.7475,25678.0175,0.026391,-0.017526,-0.005853,-0.009855,0.018429,0.005708,0.004945,75899.3,68074.15,RANGE,regime_experiment_current,RANGE,TREND_DOWN,RANGE,10,-0.017352,0.329529,0.037999,True,,,,,NO_POSITION,NO_POSITION,,,,NO_POSITION,NEUTRAL,0.0,LOW,NEUTRAL,False,0.0,0.0,0.0,0.0,-0.22
2026-01-13,NIFTY,25732.3,26025.715,26006.6325,25961.593,25647.495,41.1749,205.5679,26372.3318,25640.9332,0.028124,-0.017052,-0.007963,-0.011334,0.005745,0.005729,0.00496,77476.0,69434.35,RANGE,regime_experiment_current,RANGE,RANGE,RANGE,10,-0.012179,0.227729,0.038084,True,,,,,NO_POSITION,NO_POSITION,,,,NO_POSITION,NEUTRAL,0.0,LOW,NEUTRAL,False,0.0,0.0,0.0,0.0,-0.26
2026-01-14,NIFTY,25665.6,25979.315,25996.9075,25959.638,25657.8428,39.2483,204.2987,26387.1946,25606.6204,0.030026,-0.018177,-0.017758,-0.007521,-0.001721,0.004973,0.004793,77247.9,69727.9,RANGE,regime_experiment_current,RANGE,RANGE,RANGE,10,-0.01344,0.245036,0.037159,True,,,,,NO_POSITION,CALL,,,,CALL,BULLISH,30.0,LOW,NEUTRAL,False,10.0,0.0,10.0,10.0,0.11
2026-01-16,NIFTY,25694.35,25934.095,25990.6975,25961.572,25668.4356,40.5207,204.7954,26395.8094,25585.5856,0.031174,-0.007053,-0.017295,-0.00481,-0.005758,0.005001,0.004795,83368.3,71947.85,RANGE,regime_experiment_current,RANGE,RANGE,TREND_DOWN,10,-0.033817,0.463611,0.050663,False,,,,,NO_POSITION,NO_POSITION,,,,NO_POSITION,NEUTRAL,0.0,LOW,NEUTRAL,False,0.0,0.0,0.0,0.0,-0.42
2026-01-19,NIFTY,25585.5,25859.79,25979.195,25963.088,25677.4617,37.3273,204.4491,26415.4152,25542.9748,0.033582,-0.003808,-0.028222,-0.008911,-0.010944,0.003989,0.004877,84430.9,72274.25,RANGE,regime_experiment_current,RANGE,RANGE,RANGE,10,-0.019429,0.245082,0.042272,True,,,,,NO_POSITION,CALL,,,,CALL,BULLISH,30.0,LOW,NEUTRAL,False,10.0,0.0,10.0,10.0,-1.38
2026-01-20,NIFTY,25232.5,25758.01,25942.5,25957.892,25681.505,29.281,219.4331,26486.9079,25398.0921,0.04197,-0.021626,-0.038773,-0.028263,-0.025449,0.005284,0.005486,86312.4,74074.7,RANGE,regime_experiment_current,RANGE,TREND_DOWN,RANGE,10,0.01962,0.213895,0.070126,True,,,,,CALL,CALL,,,,CALL,BULLISH,40.0,LOW,NEUTRAL,False,20.0,0.0,10.0,10.0,-0.3
2026-01-21,NIFTY,25157.5,25655.89,25891.755,25949.555,25683.5539,27.8917,230.9851,26523.2247,25260.2853,0.048778,-0.022338,-0.039009,-0.038777,-0.02472,0.005279,0.00503,95593.4,79656.5,RANGE,regime_experiment_current,RANGE,RANGE,RANGE,10,0.024585,0.270335,0.070335,True,,,,,CALL,CALL,,,,CALL,BULLISH,40.0,LOW,NEUTRAL,False,20.0,0.0,10.0,10.0,0.53
2026-01-22,NIFTY,25289.9,25570.805,25847.3925,25941.454,25686.7139,33.8127,234.3449,26516.0012,25178.7838,0.051735,-0.014638,-0.032549,-0.033894,-0.02604,0.006009,0.005267,106226.1,85664.2,RANGE,regime_experiment_current,RANGE,RANGE,RANGE,10,0.013954,0.154192,0.069967,True,,,,,NO_POSITION,CALL,,,,CALL,BULLISH,30.0,LOW,NEUTRAL,False,10.0,0.0,10.0,10.0,-0.95
2026-01-23,NIFTY,25048.65,25487.985,25792.72,25924.911,25685.9878,29.1122,240.6787,26531.1702,25054.2698,0.05726,-0.02513,-0.032005,-0.041827,-0.034221,0.005941,0.005549,106444.1,88885.0,RANGE,regime_experiment_current,RANGE,RANGE,RANGE,10,0.025752,0.307408,0.070641,True,,,,,CALL,CALL,,,,CALL,BULLISH,40.0,LOW,NEUTRAL,False,20.0,0.0,10.0,10.0,0.51
2026-01-27,NIFTY,25175.4,25437.195,25749.375,25910.836,25687.1678,34.2972,245.9131,26524.973,24973.777,0.060242,-0.016029,-0.019775,-0.033288,-0.033719,0.00626,0.005757,108094.6,90220.95,RANGE,regime_experiment_current,RANGE,RANGE,RANGE,10,0.027483,0.322534,0.070285,True,,,,,NO_POSITION,CALL,,,,CALL,BULLISH,30.0,LOW,NEUTRAL,False,10.0,0.0,10.0,10.0,0.66
2026-01-28,NIFTY,25342.75,25392.445,25719.4075,25899.49,25688.3194,40.4503,242.3887,26509.0912,24929.7238,0.061408,0.004369,-0.017352,-0.023103,-0.020678,0.006572,0.006021,106826.0,91362.65,RANGE,regime_experiment_current,RANGE,RANGE,RANGE,10,0.023376,0.289583,0.069821,True,,,,,NO_POSITION,NO_POSITION,,,,NO_POSITION,NEUTRAL,0.0,LOW,NEUTRAL,False,0.0,0.0,0.0,0.0,0.3
2026-01-29,NIFTY,25418.9,25361.105,25693.41,25887.599,25689.3044,43.0693,246.3805,26486.7112,24900.1088,0.061751,0.010391,-0.012179,-0.020045,-0.011788,0.006734,0.006089,111968.8,94722.4,RANGE,regime_experiment_current,RANGE,RANGE,RANGE,10,0.021045,0.269056,0.069612,True,,,,,NO_POSITION,NO_POSITION,,,,NO_POSITION,NEUTRAL,0.0,LOW,NEUTRAL,False,0.0,0.0,0.0,0.0,-0.39
2026-01-30,NIFTY,25320.65,25326.61,25652.9625,25875.811,25688.1606,40.5942,243.4412,26435.5994,24870.3256,0.061017,0.001216,-0.01344,-0.030959,-0.017183,0.006775,0.005789,115607.7,96427.8,RANGE,regime_experiment_current,RANGE,RANGE,RANGE,10,0.019216,0.238897,0.069882,True,,,,,NO_POSITION,NO_POSITION,,,,NO_POSITION,NEUTRAL,0.0,LOW,NEUTRAL,False,0.0,0.0,0.0,0.0,-1.96
2026-02-01,NIFTY,24825.45,25239.72,25586.9075,25851.267,25682.5872,30.9175,288.1563,26413.5253,24760.2897,0.064613,-0.008911,-0.033817,-0.050527,-0.030167,0.008797,0.007017,106355.4,94861.85,RANGE,regime_experiment_current,RANGE,RANGE,RANGE,10,0.026008,0.343879,0.071276,True,,,,,NO_POSITION,CALL,,,,CALL,BULLISH,30.0,LOW,NEUTRAL,False,10.0,0.0,10.0,10.0,1.06
2026-02-02,NIFTY,25088.4,25190.01,25524.9,25829.192,25681.3211,39.218,298.1893,26304.3951,24745.4049,0.061077,-0.003456,-0.019429,-0.047103,-0.016515,0.00983,0.007317,113098.3,98764.6,RANGE,regime_experiment_current,RANGE,RANGE,RANGE,10,0.02369,0.325448,0.066238,True,,,,,NO_POSITION,CALL,,,,CALL,BULLISH,30.0,LOW,NEUTRAL,False,10.0,0.0,10.0,10.0,2.55
2026-02-03,NIFTY,25727.55,25239.515,25498.7625,25822.38,25687.5217,53.7208,366.3765,26211.4,24786.125,0.055896,0.015184,0.01962,-0.019914,0.009228,0.012131,0.009604,131210.3,108761.35,RANGE,regime_experiment_current,RANGE,RANGE,CHOPPY,10,-8.4e-05,0.001748,0.037644,False,,,,,NO_POSITION,NO_POSITION,,,,NO_POSITION,NEUTRAL,0.0,LOW,NEUTRAL,False,0.0,0.0,0.0,0.0,0.19
2026-02-04,NIFTY,25776.0,25301.365,25478.6275,25818.71,25695.5117,54.615,358.3902,26133.7151,24823.5399,0.051423,0.014049,0.024585,-0.015383,0.007885,0.012006,0.009615,122871.0,109232.2,RANGE,regime_experiment_current,RANGE,RANGE,RANGE,10,0.001682,0.033993,0.024701,True,,,,,NO_POSITION,NO_POSITION,,,,NO_POSITION,NEUTRAL,0.0,LOW,NEUTRAL,False,0.0,0.0,0.0,0.0,-0.52
2026-02-05,NIFTY,25642.8,25336.655,25453.73,25813.87,25703.8667,51.6837,346.8113,26040.56,24866.9,0.04611,0.012723,0.013954,-0.019049,-0.00203,0.012191,0.009665,113453.9,109840.0,RANGE,regime_experiment_current,RANGE,CHOPPY,RANGE,10,-0.007349,0.125046,0.02483,True,,,,,NO_POSITION,NO_POSITION,,,,NO_POSITION,NEUTRAL,0.0,LOW,NEUTRAL,False,0.0,0.0,0.0,0.0,0.2
2026-02-06,NIFTY,25693.7,25401.16,25444.5725,25803.638,25715.4111,52.736,337.1783,26010.0325,24879.1125,0.044446,0.034974,0.025752,-0.007078,-0.007037,0.011565,0.009436,111040.0,108742.05,RANGE,regime_experiment_current,RANGE,RANGE,RANGE,10,-0.004766,0.077842,0.02478,True,,,,,NO_POSITION,NO_POSITION,,,,NO_POSITION,NEUTRAL,0.0,LOW,NEUTRAL,False,0.0,0.0,0.0,0.0,0.68
2026-02-09,NIFTY,25867.3,25470.35,25453.7725,25796.673,25729.1044,56.2006,329.4295,26040.0728,24867.4722,0.046068,0.031046,0.027483,0.007164,-0.000458,0.011617,0.009404,106781.7,107438.15,RANGE,regime_experiment_current,RANGE,RANGE,RANGE,10,-0.005965,0.100117,0.024614,True,,,,,NO_POSITION,NO_POSITION,,,,NO_POSITION,NEUTRAL,0.0,LOW,NEUTRAL,False,0.0,0.0,0.0,0.0,0.26
2026-02-10,NIFTY,25935.15,25529.59,25461.0175,25791.317,25743.8161,57.5124,314.6196,26067.0204,24855.0146,0.047602,0.008069,0.023376,0.005618,0.000969,0.011538,0.009378,101779.2,104302.6,RANGE,regime_experiment_current,RANGE,RANGE,RANGE,10,-0.019684,0.289777,0.026289,True,,,,,NO_POSITION,NO_POSITION,,,,NO_POSITION,NEUTRAL,0.0,LOW,NEUTRAL,False,0.0,0.0,0.0,0.0,0.07
2026-02-11,NIFTY,25953.85,25583.085,25472.095,25786.879,25756.2333,57.8856,299.9782,26105.0299,24839.1601,0.049696,0.0069,0.021045,0.00861,-0.002291,0.011546,0.009359,93198.0,102583.4,RANGE,regime_experiment_current,RANGE,RANGE,RANGE,10,-0.018161,0.261738,0.02627,True,,,,,NO_POSITION,NO_POSITION,,,,NO_POSITION,NEUTRAL,0.0,LOW,NEUTRAL,False,0.0,0.0,0.0,0.0,-0.57
2026-02-12,NIFTY,25807.2,25631.74,25479.175,25782.379,25766.3772,53.8598,292.9321,26123.6719,24834.6781,0.05059,0.006411,0.019216,0.005517,-0.00397,0.011663,0.009436,88508.4,102058.05,RANGE,regime_experiment_current,RANGE,RANGE,RANGE,10,-0.012037,0.186213,0.022439,True,,,,,NO_POSITION,NO_POSITION,,,,NO_POSITION,NEUTRAL,0.0,LOW,NEUTRAL,False,0.0,0.0,0.0,0.0,-1.3
2026-02-13,NIFTY,25471.1,25696.305,25468.0125,25772.081,25770.7489,46.0051,297.9473,26104.9041,24831.1209,0.050015,-0.008664,0.026008,-0.008689,-0.022322,0.010442,0.009892,97444.6,101900.0,RANGE,regime_experiment_current,RANGE,RANGE,RANGE,10,-0.011482,0.177237,0.02921,True,,,,,NO_POSITION,NO_POSITION,,,,NO_POSITION,NEUTRAL,0.0,LOW,NEUTRAL,False,0.0,0.0,0.0,0.0,0.83
2026-02-16,NIFTY,25682.75,25755.74,25472.875,25765.061,25777.1317,50.857,299.8158,26114.7458,24831.0042,0.050396,-0.007134,0.02369,0.003801,-0.019449,0.010272,0.010032,89716.2,101407.25,RANGE,regime_experiment_current,RANGE,RANGE,TREND_DOWN,10,-0.031813,0.466526,0.049909,False,,,,,NO_POSITION,NO_POSITION,,,,NO_POSITION,NEUTRAL,0.0,LOW,NEUTRAL,False,0.0,0.0,0.0,0.0,0.17
2026-02-17,NIFTY,25725.4,25755.525,25497.52,25755.84,25784.6789,51.802,292.2783,26138.4305,24856.6095,0.050272,-0.008087,-8.4e-05,0.019534,-0.013148,0.00633,0.009473,68059.1,99634.7,RANGE,regime_experiment_current,RANGE,RANGE,TREND_DOWN,10,-0.048392,0.594537,0.061414,False,,,,,NO_POSITION,NO_POSITION,,,,NO_POSITION,NEUTRAL,0.0,LOW,NEUTRAL,False,0.0,0.0,0.0,0.0,0.37
2026-02-18,NIFTY,25819.35,25759.86,25530.6125,25753.016,25791.7628,53.9073,284.4642,26166.2052,24895.0198,0.049791,-0.005182,0.001682,0.026308,-0.005399,0.006412,0.009443,66267.7,94569.35,RANGE,regime_experiment_current,RANGE,TREND_DOWN,TREND_DOWN,10,-0.040801,0.460958,0.061191,False,,,,,NO_POSITION,NO_POSITION,,,,NO_POSITION,NEUTRAL,0.0,LOW,NEUTRAL,False,0.0,0.0,0.0,0.0,-1.41
2026-02-19,NIFTY,25454.35,25741.015,25538.835,25745.31,25793.6406,45.6129,299.6059,26165.9572,24911.7128,0.049111,-0.013673,-0.007349,0.006503,-0.016629,0.007735,0.009999,69067.7,91260.8,RANGE,regime_experiment_current,RANGE,TREND_DOWN,TREND_DOWN,10,-0.039439,0.449012,0.062068,False,,,,,NO_POSITION,NO_POSITION,,,,NO_POSITION,NEUTRAL,0.0,LOW,NEUTRAL,False,0.0,0.0,0.0,0.0,0.46
2026-02-20,NIFTY,25571.25,25728.77,25564.965,25741.575,25797.4617,48.3462,298.4817,26150.3752,24979.5548,0.045798,0.003932,-0.004766,0.020863,-0.024195,0.007879,0.009758,71250.7,91145.35,RANGE,regime_experiment_current,RANGE,TREND_DOWN,TREND_DOWN,10,-0.060349,0.607248,0.081093,False,,,,,NO_POSITION,NO_POSITION,,,,NO_POSITION,NEUTRAL,0.0,LOW,NEUTRAL,False,0.0,0.0,0.0,0.0,0.55
2026-02-23,NIFTY,25713.0,25713.34,25591.845,25737.864,25803.7672,51.548,291.4658,26152.0643,25031.6257,0.043781,0.001178,-0.005965,0.021354,-0.01917,0.007764,0.009769,77200.3,91991.0,RANGE,regime_experiment_current,RANGE,TREND_DOWN,TREND_DOWN,10,-0.056446,0.551213,0.080646,False,,,,,NO_POSITION,NO_POSITION,,,,NO_POSITION,NEUTRAL,0.0,LOW,NEUTRAL,False,0.0,0.0,0.0,0.0,-1.12
2026-02-24,NIFTY,25424.65,25662.29,25595.94,25725.418,25804.8906,45.3938,298.1713,26149.9795,25041.9005,0.043291,-0.011691,-0.019684,0.003232,-0.029703,0.008343,0.010048,80124.8,90952.0,RANGE,regime_experiment_current,RANGE,TREND_DOWN,TREND_DOWN,10,-0.061271,0.568644,0.076886,False,,,,,NO_POSITION,NO_POSITION,,,,NO_POSITION,NEUTRAL,0.0,LOW,NEUTRAL,False,0.0,0.0,0.0,0.0,0.23
2026-02-25,NIFTY,25482.5,25615.155,25599.12,25714.522,25803.7483,46.7652,293.1649,26149.7781,25048.4619,0.043022,-0.013046,-0.018161,0.002502,-0.026484,0.008412,0.010038,83681.2,88439.6,RANGE,regime_experiment_current,RANGE,TREND_DOWN,TREND_DOWN,10,-0.072338,0.633595,0.082264,False,,,,,NO_POSITION,NO_POSITION,,,,NO_POSITION,NEUTRAL,0.0,LOW,NEUTRAL,False,0.0,0.0,0.0,0.0,0.06
2026-02-26,NIFTY,25496.55,25584.09,25607.915,25707.251,25801.3783,47.1141,284.5018,26145.9763,25069.8537,0.042023,0.001658,-0.012037,0.006947,-0.020576,0.008325,0.009993,83674.6,86091.5,RANGE,regime_experiment_current,RANGE,TREND_DOWN,TREND_DOWN,10,-0.091991,0.693233,0.096521,False,,,,,NO_POSITION,NO_POSITION,,,,NO_POSITION,NEUTRAL,0.0,LOW,NEUTRAL,False,0.0,0.0,0.0,0.0,-1.25
2026-02-27,NIFTY,25178.65,25554.845,25625.575,25694.453,25793.995,40.6509,289.5446,26075.7593,25175.3907,0.035136,-0.015353,-0.011482,0.014227,-0.031069,0.008239,0.009354,83935.2,90689.9,RANGE,regime_experiment_current,RANGE,TREND_DOWN,TREND_DOWN,10,-0.070292,0.532582,0.10013,False,,,,,NO_POSITION,NO_POSITION,,,,NO_POSITION,NEUTRAL,0.0,LOW,NEUTRAL,False,0.0,0.0,0.0,0.0,-1.24
2026-03-02,NIFTY,24865.7,25473.14,25614.44,25675.456,25782.8517,35.4879,309.9368,26124.2836,25104.5964,0.039809,-0.032952,-0.031813,-0.008877,-0.044867,0.008211,0.009494,91536.1,90626.15,RANGE,regime_experiment_current,RANGE,TREND_DOWN,TREND_DOWN,10,-0.05166,0.403623,0.081803,False,,,,,CALL,CALL,,,,CALL,BULLISH,35.0,LOW,NEUTRAL,False,15.0,0.0,10.0,10.0,-1.55
2026-03-04,NIFTY,24480.5,25348.65,25552.0875,25645.738,25767.175,30.3699,327.8253,26258.4829,24845.6921,0.055291,-0.037135,-0.048392,-0.048471,-0.065146,0.00885,0.007903,101481.5,84770.3,RANGE,regime_experiment_current,RANGE,TREND_DOWN,RANGE,10,-0.028704,0.234703,0.07757,True,,,,,CALL,CALL,,,,CALL,BULLISH,35.0,LOW,NEUTRAL,False,15.0,0.0,10.0,10.0,1.17
2026-03-05,NIFTY,24765.9,25243.305,25501.5825,25617.608,25755.7389,37.5545,331.0988,26277.7153,24725.4497,0.060869,-0.028121,-0.040801,-0.039188,-0.046018,0.009998,0.008467,107411.4,86839.55,RANGE,regime_experiment_current,RANGE,TREND_DOWN,TREND_DOWN,10,-0.071217,0.506207,0.077681,False,,,,,NO_POSITION,CALL,,,,CALL,BULLISH,30.0,LOW,NEUTRAL,False,10.0,0.0,10.0,10.0,-1.27
2026-03-06,NIFTY,24450.45,25142.915,25441.965,25583.074,25738.8989,33.4424,332.4599,26339.268,24544.662,0.070537,-0.041029,-0.039439,-0.046498,-0.053762,0.009851,0.008781,106922.0,87994.85,RANGE,regime_experiment_current,RANGE,RANGE,TREND_DOWN,10,-0.054639,0.407159,0.07241,False,,,,,CALL,CALL,,,,CALL,BULLISH,35.0,LOW,NEUTRAL,False,15.0,0.0,10.0,10.0,-1.73
2026-03-09,NIFTY,24028.05,24988.595,25358.6825,25540.793,25717.6972,28.8967,362.4718,26437.833,24279.532,0.085111,-0.045697,-0.060349,-0.064827,-0.067162,0.010161,0.009321,113891.9,92571.3,RANGE,regime_experiment_current,RANGE,TREND_DOWN,TREND_DOWN,10,-0.063068,0.437901,0.076267,False,,,,,CALL,CALL,,,,CALL,BULLISH,40.0,LOW,NEUTRAL,False,20.0,0.0,10.0,10.0,0.97
2026-03-10,NIFTY,24261.6,24843.455,25278.3975,25505.179,25697.7828,34.2265,356.2913,26430.6833,24126.1117,0.091168,-0.024295,-0.056446,-0.062075,-0.063206,0.010763,0.009511,112418.7,94809.5,RANGE,regime_experiment_current,RANGE,TREND_DOWN,TREND_DOWN,10,-0.055611,0.372008,0.075533,False,,,,,NO_POSITION,CALL,,,,CALL,BULLISH,30.0,LOW,NEUTRAL,False,10.0,0.0,10.0,10.0,-1.63
2026-03-11,NIFTY,23866.85,24687.675,25174.9825,25463.674,25675.4383,30.1148,364.0179,26438.7912,23911.1738,0.100402,-0.025067,-0.061271,-0.079749,-0.083699,0.01116,0.00984,115821.0,97972.9,RANGE,regime_experiment_current,RANGE,TREND_DOWN,RANGE,10,-0.02348,0.154546,0.076581,True,,,,,CALL,CALL,,,,CALL,BULLISH,35.0,LOW,NEUTRAL,False,15.0,0.0,10.0,10.0,-0.95
2026-03-12,NIFTY,23639.15,24503.34,25059.2475,25417.68,25652.2944,28.0175,360.2054,26435.4973,23682.9977,0.10984,-0.045496,-0.072338,-0.089185,-0.091756,0.010777,0.009842,120511.9,102096.55,RANGE,regime_experiment_current,RANGE,TREND_DOWN,RANGE,10,-0.034669,0.210939,0.058843,True,,,,,CALL,CALL,,,,CALL,BULLISH,40.0,LOW,NEUTRAL,False,20.0,0.0,10.0,10.0,-2.06
2026-03-13,NIFTY,23151.1,24268.795,24926.4425,25358.11,25623.2694,24.1465,372.1336,26488.4392,23364.4458,0.125328,-0.053142,-0.091991,-0.102921,-0.104756,0.011112,0.010476,132434.8,108054.7,TREND_DOWN,regime_experiment_current,TREND_DOWN,RANGE,RANGE,10,-0.035407,0.210969,0.068178,False,CALL,PUT,,,,,PUT,,,PUT,BEARISH,41.0,LOW,NEUTRAL,False,20.0,0.0,10.0,8.0,1.11
2026-03-16,NIFTY,23408.8,24091.81,24823.3275,25303.355,25598.9489,29.6729,384.6111,26496.2352,23150.4198,0.134785,-0.025772,-0.070292,-0.080966,-0.093334,0.012801,0.010929,140577.8,112256.5,RANGE,regime_experiment_current,RANGE,RANGE,RANGE,10,-0.031159,0.183465,0.067428,True,,,,,NO_POSITION,CALL,,,,CALL,BULLISH,35.0,LOW,NEUTRAL,False,15.0,0.0,10.0,10.0,0.74
2026-03-17,NIFTY,23581.15,23963.355,24718.2475,25248.407,25577.5206,33.1768,379.2955,26425.682,23010.813,0.138152,-0.028046,-0.05166,-0.081829,-0.086552,0.013416,0.010874,138117.4,114826.75,RANGE,regime_experiment_current,RANGE,RANGE,RANGE,10,-0.036811,0.226228,0.071231,True,,,,,NO_POSITION,CALL,,,,CALL,BULLISH,30.0,LOW,NEUTRAL,False,10.0,0.0,10.0,10.0,0.83
2026-03-18,NIFTY,23777.8,23893.085,24620.8675,25198.957,25558.4706,37.0321,372.2738,26309.4818,22932.2532,0.137169,-0.003731,-0.028704,-0.075707,-0.084286,0.013503,0.011163,132410.2,116945.85,RANGE,regime_experiment_current,RANGE,RANGE,RANGE,10,-0.034046,0.207814,0.070642,True,,,,,NO_POSITION,CALL,,,,CALL,BULLISH,30.0,LOW,NEUTRAL,False,10.0,0.0,10.0,10.0,-3.26
2026-03-19,NIFTY,23002.15,23716.71,24480.0075,25135.426,25529.8906,29.7403,406.2276,26214.6052,22745.4098,0.141715,-0.026947,-0.071217,-0.109112,-0.12113,0.015358,0.012715,135049.5,121230.45,TREND_DOWN,regime_experiment_current,TREND_DOWN,RANGE,CHOPPY,10,0.005282,0.037096,0.055769,False,NO_POSITION,PUT,,,,,NO_POSITION,,,PUT,BEARISH,41.0,LOW,NEUTRAL,False,20.0,0.0,10.0,8.0,0.49
2026-03-20,NIFTY,23114.5,23583.115,24363.015,25074.901,25501.2189,31.8374,401.7145,26134.2106,22591.8194,0.1454,-0.001581,-0.054639,-0.091923,-0.116997,0.015667,0.012761,139724.5,123323.25,TREND_DOWN,regime_experiment_current,TREND_DOWN,RANGE,RANGE,10,0.038195,0.218709,0.079716,False,NO_POSITION,PUT,,,,,NO_POSITION,,,PUT,BEARISH,46.0,LOW,NEUTRAL,False,25.0,0.0,10.0,8.0,-2.6
2026-03-23,NIFTY,22512.65,23431.575,24210.085,25007.617,25463.8506,27.1672,418.9596,26063.8345,22356.3355,0.153139,-0.038283,-0.063068,-0.119611,-0.138835,0.016615,0.013405,135626.7,124759.3,TREND_DOWN,regime_experiment_current,TREND_DOWN,CHOPPY,RANGE,10,0.056077,0.34521,0.081847,False,NO_POSITION,PUT,,,,,PUT,,,PUT,BEARISH,41.0,LOW,NEUTRAL,False,20.0,0.0,10.0,8.0,1.78
2026-03-24,NIFTY,22912.4,23296.655,24070.055,24952.199,25430.8867,34.0912,427.9319,25870.8882,22269.2218,0.149633,-0.02836,-0.055611,-0.108918,-0.120185,0.017642,0.014224,141490.9,126954.8,TREND_DOWN,regime_experiment_current,TREND_DOWN,RANGE,RANGE,10,0.049676,0.322181,0.082554,False,NO_POSITION,PUT,,,,,NO_POSITION,,,PUT,BEARISH,46.0,LOW,NEUTRAL,False,25.0,0.0,10.0,8.0,1.72
2026-03-25,NIFTY,23306.45,23240.615,23964.145,24902.523,25401.9578,40.1214,436.8779,25681.0508,22247.2392,0.14329,-0.019823,-0.02348,-0.083313,-0.101597,0.018538,0.015035,143535.2,129678.1,RANGE,regime_experiment_current,RANGE,RANGE,RANGE,10,0.023007,0.160218,0.081158,True,,,,,NO_POSITION,NO_POSITION,,,,NO_POSITION,NEUTRAL,0.0,LOW,NEUTRAL,False,0.0,0.0,0.0,0.0,-2.09
2026-03-27,NIFTY,22819.6,23158.66,23831.0,24844.269,25366.4706,35.7676,441.508,25467.3897,22194.6103,0.137333,-0.007936,-0.034669,-0.104499,-0.120254,0.019365,0.015395,146504.9,133508.4,RANGE,regime_experiment_current,RANGE,RANGE,TREND_UP,10,0.061863,0.43457,0.091954,False,,,,,NO_POSITION,CALL,,,,CALL,BULLISH,30.0,LOW,NEUTRAL,False,10.0,0.0,10.0,10.0,-2.14
2026-03-30,NIFTY,22331.4,23076.69,23672.7425,24777.585,25326.7078,32.0084,448.2474,25245.1732,22100.3118,0.132847,-0.033879,-0.035407,-0.12414,-0.14536,0.01944,0.015728,140621.6,136528.2,TREND_DOWN,regime_experiment_current,TREND_DOWN,RANGE,TREND_UP,10,0.08353,0.667424,0.09934,False,NO_POSITION,PUT,,,,,PUT,,,PUT,BEARISH,46.0,LOW,NEUTRAL,False,25.0,0.0,10.0,8.0,1.56
2026-04-01,NIFTY,22679.4,23003.75,23547.78,24717.286,25289.2272,37.0771,459.7844,25015.3869,22080.1731,0.124649,0.007407,-0.031159,-0.099261,-0.132604,0.019857,0.016403,136813.4,138695.6,TREND_DOWN,regime_experiment_current,TREND_DOWN,TREND_UP,TREND_UP,10,0.073818,0.643001,0.097816,False,NO_POSITION,PUT,,,,,NO_POSITION,,,PUT,BEARISH,46.0,LOW,NEUTRAL,False,25.0,0.0,10.0,8.0,0.15
2026-04-02,NIFTY,22713.1,22916.945,23440.15,24659.838,25250.5711,37.5678,469.7874,24818.3694,22061.9306,0.117595,-0.008698,-0.036811,-0.086569,-0.137321,0.019602,0.01637,138682.2,138399.8,TREND_DOWN,regime_experiment_current,TREND_DOWN,TREND_UP,TREND_UP,10,0.072722,0.639903,0.101179,False,NO_POSITION,PUT,,,,,NO_POSITION,,,PUT,BEARISH,46.0,LOW,NEUTRAL,False,25.0,0.0,10.0,8.0,1.12
2026-04-06,NIFTY,22968.25,22835.99,23364.5375,24614.553,25216.1278,41.2628,468.7585,24670.1761,22058.8989,0.111762,-0.014511,-0.034046,-0.061774,-0.125029,0.019818,0.016506,140025.1,136217.65,RANGE,regime_experiment_current,RANGE,TREND_UP,TREND_UP,10,0.070025,0.633745,0.089635,False,,,,,NO_POSITION,NO_POSITION,,,,NO_POSITION,NEUTRAL,0.0,LOW,NEUTRAL,False,0.0,0.0,0.0,0.0,0.68
2026-04-07,NIFTY,23123.65,22848.14,23282.425,24573.876,25184.6183,43.454,466.3149,24421.0927,22143.7573,0.097814,0.013324,0.005282,-0.066311,-0.1167,0.017061,0.016312,136833.3,135941.4,RANGE,regime_experiment_current,RANGE,TREND_UP,TREND_UP,10,0.05425,0.486042,0.081406,False,,,,,NO_POSITION,NO_POSITION,,,,NO_POSITION,NEUTRAL,0.0,LOW,NEUTRAL,False,0.0,0.0,0.0,0.0,3.78
2026-04-08,NIFTY,23997.35,22936.425,23259.77,24548.025,25163.6467,53.889,497.3912,24319.9013,22199.6387,0.091156,0.074601,0.038195,-0.018531,-0.081995,0.020741,0.018534,135453.7,137589.1,RANGE,regime_experiment_current,RANGE,TREND_UP,CHOPPY,10,0.007322,0.091879,0.043592,False,,,,,NO_POSITION,NO_POSITION,,,,NO_POSITION,NEUTRAL,0.0,LOW,NEUTRAL,False,0.0,0.0,0.0,0.0,-0.93
2026-04-09,NIFTY,23775.1,23062.67,23247.1225,24522.554,25136.6444,51.3014,484.3497,24275.8599,22218.3851,0.088504,0.048313,0.056077,-0.010527,-0.081221,0.018616,0.018242,130785.1,133205.9,RANGE,regime_experiment_current,RANGE,TREND_UP,CHOPPY,10,0.005167,0.062514,0.044,False,,,,,NO_POSITION,NO_POSITION,,,,NO_POSITION,NEUTRAL,0.0,LOW,NEUTRAL,False,0.0,0.0,0.0,0.0,1.16
2026-04-10,NIFTY,24050.6,23176.49,23236.5725,24500.058,25112.5894,54.2427,471.1006,24227.0965,22246.0485,0.085256,0.058887,0.049676,-0.008697,-0.06357,0.018268,0.018301,122364.0,131927.45,RANGE,regime_experiment_current,RANGE,CHOPPY,CHOPPY,10,0.00175,0.022341,0.043496,False,,,,,NO_POSITION,NO_POSITION,,,,NO_POSITION,NEUTRAL,0.0,LOW,NEUTRAL,False,0.0,0.0,0.0,0.0,-0.86
2026-04-13,NIFTY,23842.65,23230.11,23235.3625,24470.056,25086.3639,51.7027,472.813,24222.8583,22247.8667,0.084999,0.03807,0.023007,-0.001014,-0.075517,0.01818,0.018028,116459.9,129997.55,RANGE,regime_experiment_current,RANGE,CHOPPY,CHOPPY,10,0.006419,0.086301,0.043875,False,,,,,NO_POSITION,NO_POSITION,,,,NO_POSITION,NEUTRAL,0.0,LOW,NEUTRAL,False,0.0,0.0,0.0,0.0,1.63
2026-04-15,NIFTY,24231.3,23371.28,23264.97,24446.304,25064.7589,55.8584,470.3476,24331.4647,22198.4753,0.091682,0.047901,0.061863,0.02505,-0.058331,0.016618,0.018225,106444.7,126474.8,RANGE,regime_experiment_current,RANGE,CHOPPY,CHOPPY,10,-0.002214,0.034243,0.032522,False,,,,,NO_POSITION,NO_POSITION,,,,NO_POSITION,NEUTRAL,0.0,LOW,NEUTRAL,False,0.0,0.0,0.0,0.0,-0.14
2026-04-16,NIFTY,24196.75,23557.815,23317.2525,24423.826,25044.365,55.3997,458.0284,24456.3428,22178.1622,0.097704,0.008309,0.08353,0.045166,-0.05723,0.013922,0.017494,101263.9,120942.75,RANGE,regime_experiment_current,RANGE,CHOPPY,CHOPPY,10,-0.008233,0.116335,0.033263,False,,,,,NO_POSITION,NO_POSITION,,,,NO_POSITION,NEUTRAL,0.0,LOW,NEUTRAL,False,0.0,0.0,0.0,0.0,0.65
2026-04-17,NIFTY,24353.55,23725.23,23364.49,24414.388,25026.2267,57.1122,445.0116,24589.9317,22139.0483,0.104898,0.02433,0.073818,0.040359,-0.052183,0.013677,0.017402,92899.8,114856.6,RANGE,regime_experiment_current,RANGE,CHOPPY,CHOPPY,10,-0.009619,0.139663,0.033049,False,,,,,NO_POSITION,NO_POSITION,,,,NO_POSITION,NEUTRAL,0.0,LOW,NEUTRAL,False,0.0,0.0,0.0,0.0,0.05
2026-04-20,NIFTY,24364.85,23890.405,23403.675,24399.917,25007.6833,57.2361,430.3434,24702.2593,22105.0907,0.110973,0.013066,0.072722,0.033234,-0.047709,0.013728,0.017361,86214.8,112448.5,RANGE,regime_experiment_current,RANGE,CHOPPY,RANGE,10,-0.013628,0.189478,0.033033,True,,,,,NO_POSITION,NO_POSITION,,,,NO_POSITION,NEUTRAL,0.0,LOW,NEUTRAL,False,0.0,0.0,0.0,0.0,0.87
2026-04-21,NIFTY,24576.6,24051.24,23443.615,24376.898,24989.7961,59.6621,417.231,24831.8142,22055.4158,0.118429,0.030783,0.070025,0.033594,-0.025994,0.013667,0.017368,79898.4,109961.75,RANGE,regime_experiment_current,RANGE,CHOPPY,CHOPPY,10,-0.009995,0.133589,0.032749,False,,,,,NO_POSITION,NO_POSITION,,,,NO_POSITION,NEUTRAL,0.0,LOW,NEUTRAL,False,0.0,0.0,0.0,0.0,-0.81
2026-04-22,NIFTY,24378.1,24176.685,23512.4125,24348.94,24972.2133,56.4341,403.4005,24942.0414,22082.7836,0.121606,0.006058,0.05425,0.059818,-0.030981,0.014463,0.015584,73773.7,105303.5,RANGE,regime_experiment_current,RANGE,RANGE,RANGE,10,-0.002111,0.031283,0.029498,True,,,,,NO_POSITION,NO_POSITION,,,,NO_POSITION,NEUTRAL,0.0,LOW,NEUTRAL,False,0.0,0.0,0.0,0.0,-0.84
2026-04-23,NIFTY,24173.05,24194.255,23565.34,24319.545,24953.6956,53.2388,391.972,25010.4196,22120.2604,0.122644,-0.000979,0.007322,0.045796,-0.044162,0.009489,0.015783,69314.2,102383.95,RANGE,regime_experiment_current,RANGE,CHOPPY,RANGE,10,0.000128,0.00195,0.028348,True,,,,,NO_POSITION,NO_POSITION,,,,NO_POSITION,NEUTRAL,0.0,LOW,NEUTRAL,False,0.0,0.0,0.0,0.0,-1.14
2026-04-24,NIFTY,23897.95,24206.54,23634.605,24283.63,24933.0283,49.2,391.9858,25001.9233,22267.2867,0.115705,-0.018708,0.005167,0.061534,-0.045939,0.009758,0.014697,69173.3,99979.2,RANGE,regime_experiment_current,RANGE,RANGE,RANGE,10,-0.003435,0.049006,0.028674,True,,,,,NO_POSITION,NO_POSITION,,,,NO_POSITION,NEUTRAL,0.0,LOW,NEUTRAL,False,0.0,0.0,0.0,0.0,0.81
2026-04-27,NIFTY,24092.7,24210.75,23693.62,24248.138,24912.9633,51.9725,380.6184,25032.7549,22354.4851,0.113038,-0.01117,0.00175,0.051514,-0.043006,0.009379,0.014346,70849.6,96606.8,RANGE,regime_experiment_current,RANGE,RANGE,TREND_DOWN,10,-0.0296,0.372043,0.047056,False,,,,,NO_POSITION,NO_POSITION,,,,NO_POSITION,NEUTRAL,0.0,LOW,NEUTRAL,False,0.0,0.0,0.0,0.0,-0.4
2026-04-28,NIFTY,23995.7,24226.055,23728.0825,24209.349,24890.1717,50.5006,369.4926,25061.0499,22395.1151,0.112354,-0.023636,0.006419,0.029573,-0.053153,0.009,0.013991,68013.6,92236.75,RANGE,regime_experiment_current,RANGE,RANGE,RANGE,10,-0.0243,0.314696,0.050824,True,,,,,NO_POSITION,NO_POSITION,,,,NO_POSITION,NEUTRAL,0.0,LOW,NEUTRAL,False,0.0,0.0,0.0,0.0,0.76
2026-04-29,NIFTY,24177.65,24220.69,23795.985,24173.825,24869.62,53.1831,367.3029,25074.1529,22517.8171,0.107427,-0.008223,-0.002214,0.059512,-0.048832,0.007638,0.013001,70154.9,88299.8,RANGE,regime_experiment_current,RANGE,TREND_DOWN,RANGE,10,-0.020186,0.250545,0.050441,True,,,,,NO_POSITION,NO_POSITION,,,,NO_POSITION,NEUTRAL,0.0,LOW,NEUTRAL,False,0.0,0.0,0.0,0.0,-0.74
2026-04-30,NIFTY,23997.55,24200.77,23879.2925,24137.632,24848.925,50.2745,368.274,24967.9047,22790.6803,0.091176,-0.00726,-0.008233,0.07461,-0.052254,0.007975,0.011957,72823.8,87043.85,RANGE,regime_experiment_current,RANGE,RANGE,RANGE,10,-0.014754,0.195182,0.05082,True,,,,,NO_POSITION,NO_POSITION,,,,NO_POSITION,NEUTRAL,0.0,LOW,NEUTRAL,False,0.0,0.0,0.0,0.0,0.51
2026-05-04,NIFTY,24119.3,24177.345,23951.2875,24110.596,24830.0444,52.1826,362.8694,24893.5802,23008.9948,0.078684,0.009262,-0.009619,0.063489,-0.028445,0.007844,0.011632,75011.4,83955.6,RANGE,regime_experiment_current,RANGE,RANGE,RANGE,10,-0.019688,0.280454,0.050563,True,,,,,NO_POSITION,NO_POSITION,,,,NO_POSITION,NEUTRAL,0.0,LOW,NEUTRAL,False,0.0,0.0,0.0,0.0,-0.36
2026-05-05,NIFTY,24032.8,24144.14,24017.2725,24077.597,24810.2361,50.6993,353.9028,24769.0748,23265.4702,0.062605,-0.002486,-0.013628,0.058103,-0.042075,0.007868,0.011726,74608.2,80411.5,RANGE,regime_experiment_current,RANGE,RANGE,RANGE,10,-0.015339,0.226673,0.050745,True,,,,,NO_POSITION,NO_POSITION,,,,NO_POSITION,NEUTRAL,0.0,LOW,NEUTRAL,False,0.0,0.0,0.0,0.0,1.24
2026-05-06,NIFTY,24330.95,24119.575,24085.4075,24049.708,24792.0644,55.4151,354.2268,24673.8175,23496.9975,0.04886,0.013971,-0.009995,0.05933,-0.054284,0.00846,0.011772,79001.2,79449.8,RANGE,regime_experiment_current,RANGE,RANGE,TREND_DOWN,10,-0.027794,0.505551,0.050123,False,,,,,NO_POSITION,NO_POSITION,,,,NO_POSITION,NEUTRAL,0.0,LOW,NEUTRAL,False,0.0,0.0,0.0,0.0,-0.02
2026-05-07,NIFTY,24326.65,24114.43,24145.5575,24019.854,24771.5561,55.3348,343.0909,24543.5503,23747.5647,0.032966,0.006163,-0.002111,0.052025,-0.056229,0.008083,0.011756,80617.4,77195.55,RANGE,regime_experiment_current,RANGE,RANGE,TREND_DOWN,10,-0.024966,0.434458,0.050132,False,,,,,NO_POSITION,NO_POSITION,,,,NO_POSITION,NEUTRAL,0.0,LOW,NEUTRAL,False,0.0,0.0,0.0,0.0,-0.62
2026-05-08,NIFTY,24176.15,24114.74,24154.4975,23994.29,24749.3228,52.3994,332.8537,24546.7636,23762.2314,0.03248,0.007442,0.000128,0.007451,-0.057195,0.007859,0.008488,78751.0,74032.6,RANGE,regime_experiment_current,RANGE,TREND_DOWN,CHOPPY,10,-0.005975,0.092605,0.041001,False,,,,,NO_POSITION,NO_POSITION,,,,NO_POSITION,NEUTRAL,0.0,LOW,NEUTRAL,False,0.0,0.0,0.0,0.0,-1.49
2026-05-11,NIFTY,23815.85,24106.53,24156.535,23959.182,24723.4756,46.1069,336.0172,24541.2479,23771.8221,0.031852,-0.012581,-0.003435,0.001714,-0.073086,0.008482,0.00891,77365.8,73269.55,RANGE,regime_experiment_current,RANGE,TREND_DOWN,CHOPPY,10,0.004109,0.074267,0.034735,False,,,,,NO_POSITION,NO_POSITION,,,,NO_POSITION,NEUTRAL,0.0,LOW,NEUTRAL,False,0.0,0.0,0.0,0.0,-1.83
2026-05-12,NIFTY,23379.55,24035.215,24122.9825,23912.513,24693.8894,39.8661,345.4049,24634.8395,23611.1255,0.042437,-0.027182,-0.0296,-0.027902,-0.096174,0.009604,0.009381,76270.3,73559.95,RANGE,regime_experiment_current,RANGE,CHOPPY,TREND_UP,10,0.022567,0.594278,0.035383,False,,,,,CALL,CALL,,,,CALL,BULLISH,35.0,LOW,NEUTRAL,False,15.0,0.0,10.0,10.0,0.14
2026-05-13,NIFTY,23412.6,23976.905,24101.48,23872.272,24665.7839,40.516,343.6076,24689.153,23513.807,0.048767,-0.037744,-0.0243,-0.018037,-0.097264,0.009691,0.00924,78088.7,73051.15,RANGE,regime_experiment_current,RANGE,CHOPPY,CHOPPY,10,0.005773,0.111312,0.035334,False,,,,,CALL,NO_POSITION,,,,NO_POSITION,NEUTRAL,0.0,LOW,NEUTRAL,False,0.0,0.0,0.0,0.0,1.18
2026-05-14,NIFTY,23689.6,23928.1,24074.395,23836.414,24640.7922,45.8638,345.112,24685.1188,23463.6712,0.050736,-0.026187,-0.020186,-0.022355,-0.087241,0.010255,0.008848,77962.2,74058.55,RANGE,regime_experiment_current,RANGE,TREND_UP,RANGE,10,-0.012959,0.278509,0.032618,True,,,,,NO_POSITION,NO_POSITION,,,,NO_POSITION,NEUTRAL,0.0,LOW,NEUTRAL,False,0.0,0.0,0.0,0.0,-0.19
2026-05-15,NIFTY,23643.5,23892.695,24046.7325,23799.353,24613.1689,45.1376,336.8272,24682.3918,23411.0732,0.052869,-0.022032,-0.014754,-0.022865,-0.083841,0.010075,0.00885,76345.2,74584.5,RANGE,regime_experiment_current,RANGE,CHOPPY,CHOPPY,10,-0.005084,0.100426,0.036401,False,,,,,NO_POSITION,NO_POSITION,,,,NO_POSITION,NEUTRAL,0.0,LOW,NEUTRAL,False,0.0,0.0,0.0,0.0,0.0
2026-05-18,NIFTY,23644.45,23845.21,24011.2775,23768.669,24585.3678,45.1467,339.8025,24653.5962,23368.9588,0.053501,-0.007197,-0.019688,-0.029117,-0.071715,0.009837,0.008674,77458.1,76234.75,RANGE,regime_experiment_current,RANGE,RANGE,RANGE,10,-0.010468,0.187174,0.039684,True,,,,,NO_POSITION,NO_POSITION,,,,NO_POSITION,NEUTRAL,0.0,LOW,NEUTRAL,False,0.0,0.0,0.0,0.0,0.08
2026-05-20,NIFTY,23664.15,23808.345,23976.2425,23744.638,24555.7633,45.5742,336.4944,24614.0201,23338.4649,0.053201,0.012173,-0.015339,-0.028759,-0.078598,0.009854,0.008679,76515.0,75561.6,RANGE,regime_experiment_current,RANGE,CHOPPY,CHOPPY,10,-0.009557,0.16831,0.039651,False,,,,,NO_POSITION,NO_POSITION,,,,NO_POSITION,NEUTRAL,0.0,LOW,NEUTRAL,False,0.0,0.0,0.0,0.0,-0.04
2026-05-21,NIFTY,23654.7,23740.72,23930.1475,23728.122,24526.9233,45.393,331.2805,24519.0901,23341.2049,0.049222,0.010341,-0.027794,-0.037511,-0.080492,0.008598,0.008353,74309.4,76655.3,RANGE,regime_experiment_current,RANGE,RANGE,RANGE,10,-0.012084,0.203691,0.039667,True,,,,,NO_POSITION,NO_POSITION,,,,NO_POSITION,NEUTRAL,0.0,LOW,NEUTRAL,False,0.0,0.0,0.0,0.0,0.27
2026-05-22,NIFTY,23719.3,23679.985,23897.2075,23707.19,24499.5967,46.9757,320.535,24455.1253,23339.2897,0.046693,0.001254,-0.024966,-0.027024,-0.081336,0.008743,0.00828,76507.7,78562.55,RANGE,regime_experiment_current,RANGE,CHOPPY,TREND_DOWN,10,-0.02514,0.376309,0.042988,False,,,,,NO_POSITION,NO_POSITION,,,,NO_POSITION,NEUTRAL,0.0,LOW,NEUTRAL,False,0.0,0.0,0.0,0.0,1.32
2026-05-25,NIFTY,24031.7,23665.54,23890.14,23698.815,24476.1628,53.844,321.606,24437.3806,23342.8994,0.045813,0.016419,-0.005975,-0.005847,-0.05589,0.009901,0.008705,78027.4,78389.2,RANGE,regime_experiment_current,RANGE,RANGE,TREND_DOWN,10,-0.032205,0.550091,0.042429,False,,,,,NO_POSITION,NO_POSITION,,,,NO_POSITION,NEUTRAL,0.0,LOW,NEUTRAL,False,0.0,0.0,0.0,0.0,-0.49
2026-05-26,NIFTY,23913.7,23675.325,23890.9275,23696.528,24454.35,51.1426,313.2026,24438.2561,23343.5989,0.045819,0.011387,0.004109,0.000659,-0.064821,0.008726,0.008385,75774.8,76570.3,RANGE,regime_experiment_current,RANGE,TREND_DOWN,TREND_DOWN,10,-0.029172,0.524275,0.042639,False,,,,,NO_POSITION,NO_POSITION,,,,NO_POSITION,NEUTRAL,0.0,LOW,NEUTRAL,False,0.0,0.0,0.0,0.0,-0.03
2026-05-27,NIFTY,23907.15,23728.085,23881.65,23689.439,24434.615,50.9891,299.7477,24421.2189,23342.0811,0.045187,0.010269,0.022567,-0.007702,-0.070231,0.005785,0.008166,71358.5,73814.4,RANGE,regime_experiment_current,RANGE,TREND_DOWN,TREND_DOWN,10,-0.030142,0.532358,0.039011,False,,,,,NO_POSITION,NO_POSITION,,,,NO_POSITION,NEUTRAL,0.0,LOW,NEUTRAL,False,0.0,0.0,0.0,0.0,-1.5
2026-05-29,NIFTY,23547.75,23741.6,23859.2525,23683.057,24409.6983,43.3309,315.3535,24414.9721,23303.5329,0.046583,-0.004521,0.005773,-0.018668,-0.073822,0.007973,0.008775,77421.8,77755.25,RANGE,regime_experiment_current,RANGE,TREND_DOWN,CHOPPY,10,0.003567,0.058358,0.039607,False,,,,,NO_POSITION,NO_POSITION,,,,NO_POSITION,NEUTRAL,0.0,LOW,NEUTRAL,False,0.0,0.0,0.0,0.0,-0.7
2026-06-01,NIFTY,23382.6,23710.9,23819.5,23677.926,24383.5906,40.3385,319.6612,24391.9224,23247.0776,0.048063,-0.014195,-0.012959,-0.032884,-0.082406,0.007215,0.008637,76397.5,77179.85,RANGE,regime_experiment_current,RANGE,TREND_DOWN,RANGE,10,0.020269,0.316167,0.040254,True,,,,,NO_POSITION,NO_POSITION,,,,NO_POSITION,NEUTRAL,0.0,LOW,NEUTRAL,False,0.0,0.0,0.0,0.0,0.6
2026-06-02,NIFTY,23523.3,23698.88,23795.7875,23685.37,24359.7872,43.9017,320.2451,24375.9813,23215.5937,0.048764,-0.021155,-0.005084,-0.019762,-0.077393,0.007565,0.008685,77333.7,76839.45,RANGE,regime_experiment_current,RANGE,CHOPPY,RANGE,10,0.020052,0.315139,0.040014,True,,,,,NO_POSITION,NO_POSITION,,,,NO_POSITION,NEUTRAL,0.0,LOW,NEUTRAL,False,0.0,0.0,0.0,0.0,-0.54
2026-06-03,NIFTY,23396.95,23674.13,23759.67,23685.133,24334.2606,41.5126,323.9254,24344.7248,23174.6152,0.049248,-0.021609,-0.010468,-0.029949,-0.070762,0.007715,0.008617,81922.5,79690.3,RANGE,regime_experiment_current,RANGE,RANGE,TREND_UP,10,0.033442,0.503232,0.047831,False,,,,,NO_POSITION,NO_POSITION,,,,NO_POSITION,NEUTRAL,0.0,LOW,NEUTRAL,False,0.0,0.0,0.0,0.0,0.18
2026-06-04,NIFTY,23438.0,23651.515,23729.93,23682.27,24310.3994,42.5904,316.3672,24316.893,23142.967,0.04947,-0.019624,-0.009557,-0.02475,-0.057416,0.007745,0.008631,83058.9,79786.95,RANGE,regime_experiment_current,RANGE,RANGE,TREND_UP,10,0.0258,0.366374,0.047747,False,,,,,NO_POSITION,NO_POSITION,,,,NO_POSITION,NEUTRAL,0.0,LOW,NEUTRAL,False,0.0,0.0,0.0,0.0,-0.3
2026-06-05,NIFTY,23368.85,23622.93,23681.825,23674.091,24289.6922,41.1955,310.4718,24219.5051,23144.1449,0.045409,-0.007597,-0.012084,-0.039542,-0.04541,0.007768,0.008016,83100.8,78705.1,RANGE,regime_experiment_current,RANGE,TREND_UP,TREND_UP,9,0.028835,0.426123,0.047889,False,,,,,NO_POSITION,NO_POSITION,,,,NO_POSITION,NEUTRAL,0.0,LOW,NEUTRAL,False,0.0,0.0,0.0,0.0,-1.05
2026-06-08,NIFTY,23123.0,23563.3,23621.6425,23676.508,24267.0867,36.5937,309.6181,24125.5368,23117.7482,0.042664,-0.011102,-0.02514,-0.049479,-0.066337,0.008146,0.008225,81731.0,79119.35,RANGE,regime_experiment_current,RANGE,TREND_UP,TREND_UP,8,0.039774,0.688656,0.048398,False,,,,,NO_POSITION,CALL,,,,CALL,BULLISH,30.0,LOW,NEUTRAL,False,10.0,0.0,10.0,10.0,0.58
2026-06-09,NIFTY,23257.75,23485.905,23575.7225,23679.373,24244.5072,40.5282,300.0014,24034.4846,23116.9604,0.038918,-0.011289,-0.032205,-0.037988,-0.04878,0.006794,0.008379,80092.2,79059.8,RANGE,regime_experiment_current,RANGE,TREND_UP,TREND_UP,7,0.03375,0.653716,0.048036,False,,,,,NO_POSITION,NO_POSITION,,,,NO_POSITION,NEUTRAL,0.0,LOW,NEUTRAL,False,0.0,0.0,0.0,0.0,-0.18
2026-06-10,NIFTY,23216.1,23416.145,23545.735,23693.442,24224.1456,39.7108,295.7714,24016.0531,23075.4169,0.039949,-0.00773,-0.029172,-0.025183,-0.033792,0.006781,0.007801,80376.7,78075.75,RANGE,regime_experiment_current,RANGE,TREND_UP,TREND_UP,6,0.035605,0.71314,0.048122,False,,,,,NO_POSITION,CALL,,,,CALL,BULLISH,30.0,LOW,NEUTRAL,False,10.0,0.0,10.0,10.0,-0.13
2026-06-11,NIFTY,23186.55,23344.085,23536.085,23698.925,24202.0472,39.0974,292.8721,24027.1103,23045.0597,0.041725,-0.010728,-0.030142,-0.008255,-0.044311,0.006744,0.006689,82076.6,76717.55,RANGE,regime_experiment_current,RANGE,TREND_UP,TREND_UP,5,0.036924,0.757957,0.048183,False,,,,,NO_POSITION,CALL,,,,CALL,BULLISH,30.0,LOW,NEUTRAL,False,10.0,0.0,10.0,10.0,1.92
2026-06-12,NIFTY,23631.75,23352.485,23547.0425,23705.431,24183.0361,51.1301,304.7273,24036.3341,23057.7509,0.041559,0.01125,0.003567,0.00936,-0.00985,0.00845,0.007997,79657.1,78539.45,RANGE,regime_experiment_current,RANGE,TREND_UP,UNKNOWN,4,,,,,,,,,NO_POSITION,NO_POSITION,,,,NO_POSITION,NEUTRAL,0.0,LOW,NEUTRAL,False,0.0,0.0,0.0,0.0,0.95
2026-06-15,NIFTY,23856.55,23399.88,23555.39,23726.17,24165.6767,55.8794,310.079,24059.5943,23051.1857,0.04281,0.031724,0.020269,0.007047,0.009197,0.008458,0.007839,79362.6,77880.05,RANGE,regime_experiment_current,RANGE,TREND_UP,UNKNOWN,3,,,,,,,,,NO_POSITION,NO_POSITION,,,,NO_POSITION,NEUTRAL,0.0,LOW,NEUTRAL,False,0.0,0.0,0.0,0.0,0.58
2026-06-16,NIFTY,23995.0,23447.05,23572.965,23759.442,24150.9472,58.55,298.3643,24111.5606,23034.3694,0.045696,0.031699,0.020052,0.014867,0.036452,0.008447,0.007909,75533.4,76433.55,RANGE,regime_experiment_current,RANGE,UNKNOWN,UNKNOWN,2,,,,,,,,,NO_POSITION,NO_POSITION,,,,NO_POSITION,NEUTRAL,0.0,LOW,NEUTRAL,False,0.0,0.0,0.0,0.0,0.77
2026-06-18,NIFTY,24179.4,23525.295,23599.7125,23789.442,,61.4294,290.5949,24199.5076,22999.9174,0.050831,0.041493,0.033442,0.022625,0.032919,0.008183,0.008055,62476.6,72199.55,RANGE,SignalFeatureDaily,RANGE,UNKNOWN,UNKNOWN,1,,,,,,,,,NO_POSITION,PUT,,,,PUT,BEARISH,30.0,LOW,NEUTRAL,False,10.0,0.0,10.0,10.0,-0.57
2026-06-19,NIFTY,24042.7,23585.765,23618.64,23816.034,,58.2952,290.6279,24248.5116,22988.7684,0.053337,0.036924,0.0258,0.015997,0.019573,0.008662,0.008198,55876.0,69467.45,RANGE,SignalFeatureDaily,RANGE,UNKNOWN,UNKNOWN,0,,,,,,,,,NO_POSITION,NO_POSITION,,,,NO_POSITION,NEUTRAL,0.0,LOW,NEUTRAL,False,0.0,0.0,0.0,0.0,
