trade_date,next_trade_date,open_915,high_day,low_day,close_1515,volume_day,ma10,ma20,ma50,ma90,ma5d_slope,ma10d_slope,ma20_slope,ma50_slope,rsi14,atr14,bb_upper,bb_middle,bb_lower,bb_width,ret_5d,ret_10d,ret_20d,ret_60d,volatility_10d,volatility_20d,volume_10d,volume_20d,trend_efficiency_5d,trend_efficiency_10d,trend_efficiency_20d,recent_high_5d,recent_low_5d,recent_high_10d,recent_low_10d,recent_high_20d,recent_low_20d,range_position_5d,range_position_10d,selected_regime,hindsight_regime,expected_regime_lag2,strategy_MaTrend_001_signal,strategy_RsiMeanReversion_6040_signal,strategy_expectedTrendDown_HighVolBreak_Put_signal,strategy_expectedTrendDown_RSIWeakness_Put_signal,strategy_expectedTrendDown_RallyFailing_Put_signal,strategy_expectedTrendDown_RangeReject_Put_signal,strategy_expectedTrendUp_DipStabilizing_Call_signal,strategy_expectedTrendUp_RSIRecovery_Call_signal,strategy_expectedTrendUp_RangeRecovery_Call_signal,strategy_trendUpRangeBreakout_signal,final_raw_signal,next_open,next_high,next_low,next_close,next_return_pct,actual_trade_label
2025-07-25,2025-07-28,25010.35,25010.35,24806.35,24837.0,69729,25084.06,25259.2075,25056.164,24475.135,-0.002384,-0.00671,-0.002325,0.000814,40.6335,198.3776,25672.6862,25259.2075,24845.7288,0.032739,-0.005263,-0.012439,-0.031235,0.020138,0.005235,0.00431,57227.5,60317.35,0.189337,0.275651,0.419971,25246.25,24882.3,25322.45,24882.3,25669.35,24882.3,-0.124468,-0.102919,RANGE,RANGE,TREND_DOWN,PUT,NO_POSITION,PUT,PUT,NO_POSITION,NO_POSITION,NO_POSITION,NO_POSITION,NO_POSITION,NO_POSITION,NO_POSITION,24782.45,24889.2,24646.6,24680.9,-0.6285,PUT
2025-08-08,2025-08-11,24544.25,24585.5,24337.5,24363.3,79655,24659.67,24871.865,25026.703,24629.3556,-0.006345,-0.009498,-0.008094,-0.001004,33.5703,209.496,25364.3554,24871.865,24379.3746,0.039602,-0.008225,-0.019072,-0.031275,-0.026239,0.005437,0.005206,73207.2,65217.35,0.360321,0.401203,0.339667,24784.15,24344.15,25010.35,24344.15,25322.45,24344.15,0.043523,0.028745,RANGE,TREND_UP,TREND_UP,PUT,CALL,NO_POSITION,NO_POSITION,NO_POSITION,NO_POSITION,CALL,NO_POSITION,CALL,NO_POSITION,CALL,24371.5,24600.85,24347.45,24585.05,0.9102,CALL
2025-08-12,2025-08-13,24563.35,24702.6,24465.65,24487.4,83389,24616.715,24811.5825,25022.97,24657.96,-0.007729,-0.008119,-0.007308,-0.00079,39.5627,214.3686,25305.731,24811.5825,24317.434,0.039832,-0.006578,-0.013444,-0.028116,-0.007961,0.005884,0.005599,72323.9,66522.6,0.249634,0.277206,0.288672,24733.1,24337.5,24956.5,24337.5,25255.3,24337.5,0.378918,0.242165,RANGE,RANGE,TREND_UP,PUT,CALL,NO_POSITION,NO_POSITION,NO_POSITION,NO_POSITION,CALL,NO_POSITION,CALL,NO_POSITION,CALL,24586.2,24664.55,24535.25,24619.35,0.5388,CALL
2025-09-02,2025-09-03,24653.0,24756.1,24522.35,24579.6,74911,24779.725,24695.1625,24984.519,24861.9522,-0.016873,-0.001433,-0.001711,-0.001338,44.3512,205.091,25101.9962,24695.1625,24288.3288,0.032948,-0.015546,-0.011953,0.00058,-0.016936,0.0063,0.006275,72522.1,70631.1,0.494742,0.228265,0.00554,25021.55,24404.7,25153.65,24404.7,25153.65,24337.5,0.283537,0.233527,RANGE,TREND_UP,TREND_UP,CALL,NO_POSITION,NO_POSITION,NO_POSITION,NO_POSITION,NO_POSITION,NO_POSITION,NO_POSITION,CALL,NO_POSITION,NO_POSITION,24616.5,24737.05,24533.2,24715.05,0.5511,CALL
2025-09-30,2025-10-01,24691.95,24731.8,24587.7,24611.1,64496,25030.12,24976.71,24847.976,24955.8972,-0.020595,-0.006164,0.002014,-0.001384,38.1252,175.9753,25474.0075,24976.71,24479.4125,0.039821,-0.022186,-0.024882,0.001282,-0.03338,0.004211,0.004336,67399.4,60731.55,1.0,0.62989,0.01804,25261.9,24606.2,25448.55,24606.2,25448.55,24522.35,0.007473,0.005817,RANGE,TREND_UP,TREND_UP,CALL,CALL,NO_POSITION,NO_POSITION,NO_POSITION,NO_POSITION,NO_POSITION,NO_POSITION,CALL,NO_POSITION,CALL,24620.55,24867.95,24605.95,24836.3,0.915,CALL
2025-10-03,2025-10-06,24759.55,24904.8,24747.55,24894.25,60919,24927.79,24990.77,24839.555,24954.8217,-0.01604,-0.010106,0.001102,-0.001457,49.3271,180.3156,25466.5549,24990.77,24514.9851,0.038077,0.000137,-0.020821,0.006467,-0.024616,0.005179,0.004664,71284.0,60632.95,0.00604,0.483138,0.085327,25092.7,24587.7,25448.55,24587.7,25448.55,24587.7,0.60703,0.356102,RANGE,TREND_UP,TREND_UP,PUT,NO_POSITION,NO_POSITION,NO_POSITION,NO_POSITION,NO_POSITION,CALL,CALL,CALL,NO_POSITION,NO_POSITION,24916.55,25095.95,24881.65,25077.65,0.7367,CALL
2025-10-08,2025-10-09,25079.75,25192.5,25008.5,25046.15,73678,24881.11,25033.2375,24841.817,24964.77,0.008996,-0.005953,0.002263,-0.000248,53.7674,180.348,25479.454,25033.2375,24587.021,0.03565,0.017677,-0.004901,0.00714,-0.004123,0.005815,0.004911,74736.1,62693.35,0.777778,0.110356,0.088051,25220.9,24587.7,25261.9,24587.7,25448.55,24587.7,0.724021,0.679991,RANGE,TREND_UP,TREND_UP,PUT,NO_POSITION,NO_POSITION,NO_POSITION,NO_POSITION,NO_POSITION,CALL,CALL,NO_POSITION,NO_POSITION,NO_POSITION,25074.3,25199.25,25024.3,25181.8,0.5416,CALL
2025-10-14,2025-10-15,25277.55,25310.35,25060.55,25145.5,91414,25041.375,25067.1475,24876.109,24989.3233,0.01091,0.005943,0.00171,0.001549,55.0587,181.4141,25535.3911,25067.1475,24598.9039,0.037359,0.001482,0.020727,0.003044,0.001356,0.004365,0.005031,70338.4,68649.55,0.084316,0.530659,0.036242,25330.75,25008.5,25330.75,24587.7,25448.55,24587.7,0.425136,0.75069,RANGE,TREND_UP,TREND_UP,PUT,NO_POSITION,NO_POSITION,NO_POSITION,NO_POSITION,NO_POSITION,NO_POSITION,NO_POSITION,NO_POSITION,NO_POSITION,NO_POSITION,25181.95,25365.15,25159.35,25323.55,0.7081,CALL
2025-10-15,2025-10-16,25181.95,25365.15,25159.35,25323.55,77119,25112.62,25071.37,24891.273,24992.8844,0.00961,0.009305,0.001523,0.001991,60.506,184.1983,25547.2016,25071.37,24595.5384,0.037958,0.011076,0.028948,0.003346,0.014224,0.004485,0.005053,71600.7,69500.05,0.497936,0.638139,0.039958,25330.75,25008.5,25330.75,24587.7,25448.55,24587.7,0.977657,0.99031,RANGE,TREND_UP,TREND_UP,CALL,PUT,NO_POSITION,NO_POSITION,NO_POSITION,NO_POSITION,NO_POSITION,NO_POSITION,NO_POSITION,NO_POSITION,PUT,25394.9,25625.4,25376.85,25585.3,1.0336,CALL
2025-10-17,2025-10-20,25546.85,25781.5,25508.6,25709.85,102562,25269.08,25098.435,24929.73,25004.97,0.010281,0.013477,0.001627,0.00276,69.3362,198.2913,25663.7887,25098.435,24533.0813,0.045051,0.016788,0.032763,0.011259,0.025895,0.00471,0.00554,76477.3,73880.65,0.602812,0.668744,0.123637,25625.4,25060.55,25625.4,24747.55,25625.4,24587.7,1.149509,1.096201,RANGE,RANGE,TREND_UP,CALL,PUT,NO_POSITION,NO_POSITION,NO_POSITION,NO_POSITION,NO_POSITION,NO_POSITION,NO_POSITION,CALL,PUT,25824.6,25926.2,25788.5,25843.15,0.5185,CALL
2025-11-11,2025-11-12,25617.0,25715.8,25449.25,25694.95,87556,25722.235,25678.9125,25243.475,25114.0172,-0.011476,-0.00578,0.004243,0.002967,56.0482,203.6079,26161.6423,25678.9125,25196.1827,0.037597,-0.002655,-0.010441,0.016199,0.049313,0.004494,0.004932,77930.2,80051.55,0.144395,0.272654,0.19076,25803.1,25318.45,26097.85,25318.45,26104.2,25060.55,0.776849,0.483064,RANGE,CHOPPY,TREND_UP,CALL,NO_POSITION,NO_POSITION,NO_POSITION,NO_POSITION,NO_POSITION,NO_POSITION,NO_POSITION,CALL,NO_POSITION,NO_POSITION,25834.3,25934.55,25781.15,25875.8,0.7038,CALL
2026-01-07,2026-01-08,26143.1,26187.15,26067.9,26140.75,54920,26123.98,26039.0375,25971.74,25594.8711,0.006528,0.004208,0.001998,0.001296,53.9526,169.6778,26348.7999,26039.0375,25729.2751,0.023792,0.000427,-0.001391,0.011653,0.03383,0.004114,0.004351,65102.3,62411.2,0.02883,0.044619,0.169214,26373.2,25969.0,26373.2,25878.0,26373.2,25693.25,0.424913,0.530594,RANGE,TREND_DOWN,TREND_DOWN,CALL,NO_POSITION,NO_POSITION,NO_POSITION,NO_POSITION,NO_POSITION,NO_POSITION,NO_POSITION,NO_POSITION,NO_POSITION,NO_POSITION,26106.5,26133.2,25858.45,25876.85,-1.0095,PUT
2026-01-08,2026-01-09,26106.5,26133.2,25858.45,25876.85,106366,26097.455,26044.98,25970.553,25610.9822,0.004422,0.001926,0.001917,0.001016,44.1007,177.7226,26337.0007,26044.98,25752.9593,0.022424,-0.010315,-0.010146,0.004614,0.025746,0.005191,0.004907,71325.9,64407.9,0.425596,0.253913,0.060587,26373.2,26067.9,26373.2,25878.0,26373.2,25693.25,-0.625778,-0.002322,RANGE,TREND_DOWN,TREND_DOWN,CALL,NO_POSITION,PUT,PUT,NO_POSITION,NO_POSITION,NO_POSITION,NO_POSITION,NO_POSITION,NO_POSITION,NO_POSITION,25840.4,25940.6,25623.0,25683.3,-0.748,PUT
2026-02-18,2026-02-19,25752.65,25828.05,25645.15,25819.35,58126,25759.86,25530.6125,25753.016,25791.7628,-0.004547,0.00691,0.002297,-0.001313,53.9073,284.4642,26166.2052,25530.6125,24895.0198,0.049791,-0.005182,0.001682,0.026308,-0.005399,0.006412,0.009443,66267.7,94569.35,0.161853,0.033993,0.185749,26009.4,25372.7,26009.4,25372.7,26341.2,24571.75,0.701508,0.701508,RANGE,TREND_DOWN,TREND_DOWN,CALL,NO_POSITION,NO_POSITION,NO_POSITION,PUT,PUT,NO_POSITION,NO_POSITION,NO_POSITION,NO_POSITION,NO_POSITION,25873.35,25885.3,25388.75,25454.35,-1.4137,PUT
2026-02-20,2026-02-23,25406.55,25663.55,25379.75,25571.25,106237,25728.77,25564.965,25741.575,25797.4617,-0.006057,0.001263,0.003807,-0.001184,48.3462,298.4817,26150.3752,25564.965,24979.5548,0.045798,0.003932,-0.004766,0.020863,-0.024195,0.007879,0.009758,71250.7,91145.35,0.120641,0.077842,0.142344,25885.3,25372.7,26009.4,25372.7,26341.2,24571.75,0.387339,0.311842,RANGE,TREND_DOWN,TREND_DOWN,CALL,NO_POSITION,NO_POSITION,NO_POSITION,NO_POSITION,NO_POSITION,NO_POSITION,NO_POSITION,NO_POSITION,NO_POSITION,NO_POSITION,25678.4,25771.45,25609.35,25713.0,0.5543,CALL
2026-02-23,2026-02-24,25678.4,25771.45,25609.35,25713.0,123117,25713.34,25591.845,25737.864,25803.7672,-0.004398,-0.001646,0.00467,-0.001056,51.548,291.4658,26152.0643,25591.845,25031.6257,0.043781,0.001178,-0.005965,0.021354,-0.01917,0.007764,0.009769,77200.3,91991.0,0.03979,0.100117,0.145833,25885.3,25372.7,26009.4,25372.7,26341.2,24571.75,0.66387,0.534475,RANGE,TREND_DOWN,TREND_DOWN,CALL,NO_POSITION,NO_POSITION,NO_POSITION,NO_POSITION,NO_POSITION,NO_POSITION,NO_POSITION,NO_POSITION,NO_POSITION,NO_POSITION,25641.8,25641.8,25327.6,25424.65,-1.1214,PUT
2026-02-26,2026-02-27,25556.3,25572.95,25400.95,25496.55,60088,25584.09,25607.915,25707.251,25801.3783,-0.003628,-0.006096,0.002705,-0.001478,47.1141,284.5018,26145.9763,25607.915,25069.8537,0.042023,0.001658,-0.012037,0.006947,-0.020576,0.008325,0.009993,83674.6,86091.5,0.068185,0.186213,0.047478,25885.3,25327.6,25906.7,25327.6,26341.2,24571.75,0.302941,0.291746,RANGE,TREND_DOWN,TREND_DOWN,NO_POSITION,NO_POSITION,NO_POSITION,NO_POSITION,NO_POSITION,NO_POSITION,NO_POSITION,NO_POSITION,NO_POSITION,NO_POSITION,NO_POSITION,25459.85,25476.4,25141.3,25178.65,-1.2468,PUT
2026-02-27,2026-03-02,25459.85,25476.4,25141.3,25178.65,91968,25554.845,25625.575,25694.453,25793.995,-0.007468,-0.00676,0.002371,-0.001831,40.6509,289.5446,26075.7593,25625.575,25175.3907,0.035136,-0.015353,-0.011482,0.014227,-0.031069,0.008239,0.009354,83935.2,90689.9,0.478839,0.177237,0.100125,25771.45,25327.6,25885.3,25327.6,26341.2,24571.75,-0.335586,-0.267079,RANGE,TREND_DOWN,TREND_DOWN,PUT,NO_POSITION,NO_POSITION,PUT,NO_POSITION,NO_POSITION,NO_POSITION,NO_POSITION,NO_POSITION,NO_POSITION,NO_POSITION,24659.25,24989.35,24603.5,24865.7,-1.2429,PUT
2026-03-02,2026-03-04,24659.25,24989.35,24603.5,24865.7,140871,25473.14,25614.44,25675.456,25782.8517,-0.014307,-0.009341,0.000883,-0.002425,35.4879,309.9368,26124.2836,25614.44,25104.5964,0.039809,-0.032952,-0.031813,-0.008877,-0.044867,0.008211,0.009494,91536.1,90626.15,0.854909,0.466526,0.062248,25771.45,25141.3,25885.3,25141.3,26341.2,24679.4,-0.437356,-0.37043,RANGE,TREND_DOWN,TREND_DOWN,PUT,CALL,NO_POSITION,NO_POSITION,NO_POSITION,NO_POSITION,NO_POSITION,NO_POSITION,NO_POSITION,NO_POSITION,CALL,24388.8,24602.45,24305.4,24480.5,-1.5491,PUT
2026-03-04,2026-03-05,24388.8,24602.45,24305.4,24480.5,162303,25348.65,25552.0875,25645.738,25767.175,-0.019367,-0.012222,-0.001713,-0.003097,30.3699,327.8253,26258.4829,25552.0875,24845.6921,0.055291,-0.037135,-0.048392,-0.048471,-0.065146,0.00885,0.007903,101481.5,84770.3,0.867825,0.594537,0.375205,25652.6,24603.5,25885.3,24603.5,26341.2,24603.5,-0.117243,-0.095959,RANGE,RANGE,TREND_DOWN,PUT,CALL,PUT,NO_POSITION,NO_POSITION,NO_POSITION,NO_POSITION,NO_POSITION,NO_POSITION,NO_POSITION,CALL,24615.95,24854.2,24529.4,24765.9,1.1658,CALL
2026-03-05,2026-03-06,24615.95,24854.2,24529.4,24765.9,117425,25243.305,25501.5825,25617.608,25755.7389,-0.022394,-0.014517,-0.00381,-0.003769,37.5545,331.0988,26277.7153,25501.5825,24725.4497,0.060869,-0.028121,-0.040801,-0.039188,-0.046018,0.009998,0.008467,107411.4,86839.55,0.544736,0.460958,0.283688,25652.6,24305.4,25885.3,24305.4,26009.4,24305.4,0.34182,0.291474,RANGE,TREND_DOWN,TREND_DOWN,PUT,CALL,PUT,NO_POSITION,NO_POSITION,NO_POSITION,NO_POSITION,NO_POSITION,NO_POSITION,NO_POSITION,CALL,24656.4,24700.8,24415.75,24450.45,-1.2737,PUT
2026-03-09,2026-03-10,23868.05,24078.15,23697.8,24028.05,175936,24988.595,25358.6825,25540.793,25717.6972,-0.036959,-0.022158,-0.010415,-0.00598,28.8967,362.4718,26437.833,25358.6825,24279.532,0.085111,-0.045697,-0.060349,-0.064827,-0.067162,0.010161,0.009321,113891.9,92571.3,0.668409,0.607248,0.404839,25476.4,24305.4,25771.45,24305.4,26009.4,24305.4,-0.236849,-0.189182,RANGE,TREND_DOWN,TREND_DOWN,PUT,CALL,PUT,NO_POSITION,NO_POSITION,NO_POSITION,NO_POSITION,NO_POSITION,NO_POSITION,NO_POSITION,CALL,24280.8,24303.8,24079.95,24261.6,0.972,CALL
2026-03-10,2026-03-11,24280.8,24303.8,24079.95,24261.6,108385,24843.455,25278.3975,25505.179,25697.7828,-0.035284,-0.02472,-0.013119,-0.006632,34.2265,356.2913,26430.6833,25278.3975,24126.1117,0.091168,-0.024295,-0.056446,-0.062075,-0.063206,0.010763,0.009511,112418.7,94809.5,0.367905,0.551213,0.384663,24989.35,23697.8,25771.45,23697.8,26009.4,23697.8,0.43653,0.271888,RANGE,TREND_DOWN,TREND_DOWN,PUT,CALL,PUT,NO_POSITION,NO_POSITION,NO_POSITION,NO_POSITION,NO_POSITION,NO_POSITION,NO_POSITION,CALL,24231.85,24299.0,23834.3,23866.85,-1.6271,PUT
2026-03-11,2026-03-12,24231.85,24299.0,23834.3,23866.85,122390,24687.675,25174.9825,25463.674,25675.4383,-0.032916,-0.026075,-0.014758,-0.007099,30.1148,364.0179,26438.7912,25174.9825,23911.1738,0.100402,-0.025067,-0.061271,-0.079749,-0.083699,0.01116,0.00984,115821.0,97972.9,0.37156,0.568644,0.4595,24854.2,23697.8,25652.6,23697.8,26009.4,23697.8,0.146186,0.086479,RANGE,RANGE,TREND_DOWN,PUT,CALL,PUT,NO_POSITION,NO_POSITION,NO_POSITION,NO_POSITION,NO_POSITION,NO_POSITION,NO_POSITION,CALL,23674.85,23833.15,23556.3,23639.15,-0.954,PUT
2026-03-12,2026-03-13,23674.85,23833.15,23556.3,23639.15,135571,24503.34,25059.2475,25417.68,25652.2944,-0.036392,-0.029313,-0.017345,-0.007804,28.0175,360.2054,26435.4973,25059.2475,23682.9977,0.10984,-0.045496,-0.072338,-0.089185,-0.091756,0.010777,0.009842,120511.9,102096.55,0.706936,0.633595,0.491423,24854.2,23697.8,25652.6,23697.8,26009.4,23697.8,-0.050718,-0.030003,RANGE,RANGE,TREND_DOWN,PUT,CALL,PUT,NO_POSITION,NO_POSITION,NO_POSITION,NO_POSITION,NO_POSITION,NO_POSITION,NO_POSITION,CALL,23462.5,23492.4,23112.0,23151.1,-2.0646,PUT
2026-04-02,2026-04-06,22383.4,22782.3,22182.55,22713.1,134955,22916.945,23440.15,24659.838,25250.5711,-0.012743,-0.016299,-0.02617,-0.011717,37.5678,469.7874,24818.3694,23440.15,22061.9306,0.117595,-0.008698,-0.036811,-0.086569,-0.137321,0.019602,0.01637,138682.2,138399.8,0.113834,0.226228,0.306656,23465.35,22283.85,23862.25,22283.85,24989.35,22283.85,0.363309,0.271953,TREND_DOWN,TREND_UP,TREND_UP,PUT,CALL,NO_POSITION,NO_POSITION,NO_POSITION,NO_POSITION,CALL,NO_POSITION,CALL,NO_POSITION,PUT,22780.3,22998.35,22542.95,22968.25,1.1234,CALL
2026-04-06,2026-04-07,22780.3,22998.35,22542.95,22968.25,118660,22835.99,23364.5375,24614.553,25216.1278,-0.011636,-0.01741,-0.025021,-0.011564,41.2628,468.7585,24670.1761,23364.5375,22058.8989,0.111762,-0.014511,-0.034046,-0.061774,-0.125029,0.019818,0.016506,140025.1,136217.65,0.209815,0.207814,0.219499,23465.35,22182.55,23862.25,22182.55,24854.2,22182.55,0.612488,0.467762,RANGE,TREND_UP,TREND_UP,PUT,NO_POSITION,NO_POSITION,NO_POSITION,NO_POSITION,NO_POSITION,CALL,NO_POSITION,CALL,NO_POSITION,NO_POSITION,22838.7,23153.85,22719.3,23123.65,0.6766,CALL
2026-04-07,2026-04-08,22838.7,23153.85,22719.3,23123.65,111900,22848.14,23282.425,24573.876,25184.6183,-0.007411,-0.013408,-0.023019,-0.010884,43.454,466.3149,24421.0927,23282.425,22143.7573,0.097814,0.013324,0.005282,-0.066311,-0.1167,0.017061,0.016312,136833.3,135941.4,0.237456,0.037096,0.242953,23186.1,22182.55,23465.35,22182.55,24854.2,22182.55,0.937771,0.73363,RANGE,TREND_UP,TREND_UP,PUT,NO_POSITION,NO_POSITION,NO_POSITION,NO_POSITION,NO_POSITION,NO_POSITION,NO_POSITION,NO_POSITION,NO_POSITION,NO_POSITION,23855.15,24025.15,23828.5,23997.35,3.7784,CALL
2026-04-08,2026-04-09,23855.15,24025.15,23828.5,23997.35,123136,22936.425,23259.77,24548.025,25163.6467,0.014043,-0.006078,-0.017445,-0.009265,53.889,497.3912,24319.9013,23259.77,22199.6387,0.091156,0.074601,0.038195,-0.018531,-0.081995,0.020741,0.018534,135453.7,137589.1,1.0,0.218709,0.061918,23153.85,22182.55,23465.35,22182.55,24700.8,22182.55,1.868424,1.414718,RANGE,CHOPPY,TREND_UP,PUT,NO_POSITION,NO_POSITION,NO_POSITION,NO_POSITION,NO_POSITION,NO_POSITION,NO_POSITION,NO_POSITION,NO_POSITION,NO_POSITION,23909.05,23990.75,23682.8,23775.1,-0.9261,PUT
2026-04-09,2026-04-10,23909.05,23990.75,23682.8,23775.1,88272,23062.67,23247.1225,24522.554,25136.6444,0.022168,0.002561,-0.012768,-0.007878,51.3014,484.3497,24275.8599,23247.1225,22218.3851,0.088504,0.048313,0.056077,-0.010527,-0.081221,0.018616,0.018242,130785.1,133205.9,0.711401,0.34521,0.035538,24025.15,22182.55,24025.15,22182.55,24303.8,22182.55,0.864295,0.864295,RANGE,CHOPPY,TREND_UP,PUT,NO_POSITION,NO_POSITION,NO_POSITION,NO_POSITION,NO_POSITION,NO_POSITION,NO_POSITION,NO_POSITION,NO_POSITION,NO_POSITION,23880.55,24074.05,23856.35,24050.6,1.1588,CALL
2026-04-29,2026-04-30,24096.9,24334.7,24059.95,24177.65,86529,24220.69,23795.985,24173.825,24869.62,-0.012577,0.00182,0.012061,-0.007192,53.1831,367.3029,25074.1529,23795.985,22517.8171,0.107427,-0.008223,-0.002214,0.059512,-0.048832,0.007638,0.013001,70154.9,88299.8,0.210148,0.034243,0.282031,24515.95,23813.65,24601.7,23813.65,24601.7,22182.55,0.518297,0.4619,RANGE,RANGE,TREND_DOWN,CALL,NO_POSITION,NO_POSITION,PUT,NO_POSITION,NO_POSITION,NO_POSITION,NO_POSITION,NO_POSITION,NO_POSITION,NO_POSITION,23996.95,24087.45,23796.85,23997.55,-0.7449,PUT
2026-05-08,2026-05-11,24233.65,24253.8,24126.65,24176.15,59877,24114.74,24154.4975,23994.29,24749.3228,0.00686,-0.003555,0.011525,-0.005939,52.3994,332.8537,24546.7636,24154.4975,23762.2314,0.03248,0.007442,0.000128,0.007451,-0.057195,0.007859,0.008488,78751.0,74032.6,0.270115,0.00195,0.051051,24482.1,23796.85,24482.1,23796.85,24601.7,23555.6,0.553521,0.553521,RANGE,CHOPPY,TREND_DOWN,PUT,NO_POSITION,NO_POSITION,NO_POSITION,NO_POSITION,NO_POSITION,NO_POSITION,NO_POSITION,NO_POSITION,NO_POSITION,NO_POSITION,23970.1,23997.45,23799.1,23815.85,-1.4903,PUT
2026-05-11,2026-05-12,23970.1,23997.45,23799.1,23815.85,73011,24106.53,24156.535,23959.182,24723.4756,0.002488,-0.002929,0.008569,-0.00628,46.1069,336.0172,24541.2479,24156.535,23771.8221,0.031852,-0.012581,-0.003435,0.001714,-0.073086,0.008482,0.00891,77365.8,73269.55,0.33726,0.049006,0.011194,24482.1,23882.05,24482.1,23796.85,24601.7,23555.6,-0.110324,0.027727,RANGE,CHOPPY,TREND_DOWN,PUT,NO_POSITION,NO_POSITION,PUT,NO_POSITION,NO_POSITION,NO_POSITION,NO_POSITION,NO_POSITION,NO_POSITION,NO_POSITION,23722.6,23757.55,23348.4,23379.55,-1.832,PUT
2026-05-27,2026-05-29,23880.35,23983.2,23858.25,23907.15,44461,23728.085,23881.65,23689.439,24434.615,0.00993,-0.003371,-0.003945,-0.002325,50.9891,299.7477,24421.2189,23881.65,23342.0811,0.045187,0.010269,0.022567,-0.007702,-0.070231,0.005785,0.008166,71358.5,73814.4,0.475538,0.594278,0.066158,24089.8,23397.3,24089.8,23262.55,24482.1,23262.55,0.736245,0.779208,RANGE,TREND_DOWN,TREND_DOWN,PUT,NO_POSITION,NO_POSITION,NO_POSITION,PUT,NO_POSITION,NO_POSITION,NO_POSITION,NO_POSITION,NO_POSITION,NO_POSITION,23902.15,24002.8,23484.75,23547.75,-1.5033,PUT
2026-05-29,2026-06-01,23902.15,24002.8,23484.75,23547.75,134249,23741.6,23859.2525,23683.057,24409.6983,0.006959,3.7e-05,-0.002963,-0.001899,43.3309,315.3535,24414.9721,23859.2525,23303.5329,0.046583,-0.004521,0.005773,-0.018668,-0.073822,0.007973,0.008775,77421.8,77755.25,0.124223,0.111312,0.146052,24089.8,23596.6,24089.8,23262.55,24482.1,23262.55,-0.099047,0.344757,RANGE,CHOPPY,TREND_DOWN,PUT,NO_POSITION,NO_POSITION,PUT,NO_POSITION,NO_POSITION,NO_POSITION,NO_POSITION,NO_POSITION,NO_POSITION,NO_POSITION,23654.5,23733.7,23357.95,23382.6,-0.7013,PUT
2026-06-01,2026-06-02,23654.5,23733.7,23357.95,23382.6,75021,23710.9,23819.5,23677.926,24383.5906,0.003861,0.001306,-0.003252,-0.001234,40.3385,319.6612,24391.9224,23819.5,23247.0776,0.048063,-0.014195,-0.012959,-0.032884,-0.082406,0.007215,0.008637,76397.5,77179.85,0.350182,0.278509,0.260651,24089.8,23484.75,24089.8,23317.1,24482.1,23262.55,-0.168829,0.084768,RANGE,RANGE,TREND_DOWN,PUT,NO_POSITION,NO_POSITION,PUT,NO_POSITION,NO_POSITION,NO_POSITION,NO_POSITION,NO_POSITION,NO_POSITION,NO_POSITION,23229.15,23556.95,23229.15,23523.3,0.6017,CALL
2026-06-05,2026-06-08,23478.95,23516.35,23282.65,23368.85,77789,23622.93,23681.825,23674.091,24289.6922,-0.016873,-0.004998,-0.007436,-0.000379,41.1955,310.4718,24219.5051,23681.825,23144.1449,0.045409,-0.007597,-0.012084,-0.039542,-0.04541,0.007768,0.008016,83100.8,78705.1,0.32983,0.203691,0.351003,24002.8,23151.5,24089.8,23151.5,24482.1,23151.5,0.255315,0.231642,RANGE,TREND_UP,TREND_UP,PUT,NO_POSITION,NO_POSITION,NO_POSITION,NO_POSITION,NO_POSITION,NO_POSITION,NO_POSITION,CALL,NO_POSITION,NO_POSITION,23080.7,23267.3,23070.15,23123.0,-1.052,PUT
2026-06-08,2026-06-09,23080.7,23267.3,23070.15,23123.0,75100,23563.3,23621.6425,23676.508,24267.0867,-0.016272,-0.006225,-0.008307,-6e-05,36.5937,309.6181,24125.5368,23621.6425,23117.7482,0.042664,-0.011102,-0.02514,-0.049479,-0.066337,0.008146,0.008225,81731.0,79119.35,0.416627,0.376309,0.403564,23733.7,23151.5,24089.8,23151.5,24482.1,23151.5,-0.048952,-0.030374,RANGE,TREND_UP,TREND_UP,PUT,CALL,NO_POSITION,NO_POSITION,NO_POSITION,NO_POSITION,CALL,NO_POSITION,NO_POSITION,NO_POSITION,CALL,23259.05,23279.4,23104.45,23257.75,0.5828,CALL
2026-06-11,2026-06-12,23104.4,23327.45,23072.05,23186.55,61460,23344.085,23536.085,23698.925,24202.0472,-0.009688,-0.012998,-0.008169,0.000703,39.0974,292.8721,24027.1103,23536.085,23045.0597,0.041725,-0.010728,-0.030142,-0.008255,-0.044311,0.006744,0.006689,82076.6,76717.55,0.482676,0.532358,0.086107,23516.35,23070.15,24002.8,23070.15,24089.8,23070.15,0.26087,0.124806,RANGE,UNKNOWN,TREND_UP,PUT,CALL,NO_POSITION,NO_POSITION,NO_POSITION,NO_POSITION,CALL,NO_POSITION,CALL,NO_POSITION,CALL,23412.55,23645.35,23313.9,23631.75,1.9201,CALL
2026-06-12,2026-06-15,23412.55,23645.35,23313.9,23631.75,110054,23352.485,23547.0425,23705.431,24183.0361,-0.005931,-0.011448,-0.005691,0.001324,51.1301,304.7273,24036.3341,23547.0425,23057.7509,0.041559,0.01125,0.003567,0.00936,-0.00985,0.00845,0.007997,79657.1,78539.45,0.293088,0.058358,0.082587,23516.35,23070.15,24002.8,23070.15,24089.8,23070.15,1.258628,0.602155,RANGE,UNKNOWN,TREND_UP,PUT,NO_POSITION,NO_POSITION,NO_POSITION,NO_POSITION,NO_POSITION,NO_POSITION,CALL,NO_POSITION,NO_POSITION,NO_POSITION,23984.85,24011.4,23817.8,23856.55,0.9513,CALL
